kind,id,selfLink,name,bucket,generation,metageneration,contentType,timeCreated,updated,storageClass,timeStorageClassUpdated,size,md5Hash,mediaLink,crc32c,etag,eventTime,eventType,notificationConfig,payloadFormat,objectGeneration,objectId,bucketId,overwroteGeneration,overwrittenByGeneration
storage#object,data-cube-migration/archive/franworks_sales_raw/fw_pix_items_2022042320220429.csv.gz/1651325475884638,https://www.googleapis.com/storage/v1/b/data-cube-migration/o/archive%2Ffranworks_sales_raw%2Ffw_pix_items_2022042320220429.csv.gz,archive/franworks_sales_raw/fw_pix_items_2022042320220429.csv.gz,data-cube-migration,1651325475884638,1,text/csv,2022-04-30T13:31:15.977Z,2022-04-30T13:31:15.977Z,STANDARD,2022-04-30T13:31:15.977Z,32178477,CcUSsfNfjSoZw/ewgHz/Bg==,https://www.googleapis.com/download/storage/v1/b/data-cube-migration/o/archive%2Ffranworks_sales_raw%2Ffw_pix_items_2022042320220429.csv.gz?generation=1651325475884638&alt=media,8iEt7g==,CN6cmOPyu/cCEAE=,2022-04-30T13:31:15.977911Z,OBJECT_FINALIZE,projects/_/buckets/data-cube-migration/notificationConfigs/12,JSON_API_V1,1651325475884638,archive/franworks_sales_raw/fw_pix_items_2022042320220429.csv.gz,data-cube-migration,,
storage#object,data-cube-migration/1909/n9_check_menu_item_detail_cmi_2022012120220127.csv.gz/1643369414571177,https://www.googleapis.com/storage/v1/b/data-cube-migration/o/1909%2Fn9_check_menu_item_detail_cmi_2022012120220127.csv.gz,1909/n9_check_menu_item_detail_cmi_2022012120220127.csv.gz,data-cube-migration,1643369414571177,3,text/csv,2022-01-28T11:30:14.591Z,2022-04-28T23:23:03.843Z,COLDLINE,2022-04-28T23:23:03.843Z,71,I9nCqjxeqpd8wmiu1/MSSA==,https://www.googleapis.com/download/storage/v1/b/data-cube-migration/o/1909%2Fn9_check_menu_item_detail_cmi_2022012120220127.csv.gz?generation=1643369414571177&alt=media,jNAAFQ==,CKnpwpGs1PUCEAM=,2022-04-28T23:23:03.843377Z,OBJECT_METADATA_UPDATE,projects/_/buckets/data-cube-migration/notificationConfigs/12,JSON_API_V1,1643369414571177,1909/n9_check_menu_item_detail_cmi_2022012120220127.csv.gz,data-cube-migration,,
storage#object,data-cube-migration/archive/pickle_barrel_sales_raw/pb_order_type.csv.gz/1651325537722649,https://www.googleapis.com/storage/v1/b/data-cube-migration/o/archive%2Fpickle_barrel_sales_raw%2Fpb_order_type.csv.gz,archive/pickle_barrel_sales_raw/pb_order_type.csv.gz,data-cube-migration,1651325537722649,1,text/csv,2022-04-30T13:32:17.826Z,2022-04-30T13:32:17.826Z,STANDARD,2022-04-30T13:32:17.826Z,1171791,BtJuRvVQaph0kbtDPnwaiw==,https://www.googleapis.com/download/storage/v1/b/data-cube-migration/o/archive%2Fpickle_barrel_sales_raw%2Fpb_order_type.csv.gz?generation=1651325537722649&alt=media,s5QsZQ==,CJnC1oDzu/cCEAE=,2022-04-30T13:32:17.826501Z,OBJECT_FINALIZE,projects/_/buckets/data-cube-migration/notificationConfigs/12,JSON_API_V1,1651325537722649,archive/pickle_barrel_sales_raw/pb_order_type.csv.gz,data-cube-migration,1651239111749885,
storage#object,data-cube-migration/burger_priest_sales_raw/bp_viv_menu_categories.csv.gz/1651314627947709,https://www.googleapis.com/storage/v1/b/data-cube-migration/o/burger_priest_sales_raw%2Fbp_viv_menu_categories.csv.gz,burger_priest_sales_raw/bp_viv_menu_categories.csv.gz,data-cube-migration,1651314627947709,1,text/csv,2022-04-30T10:30:28.037Z,2022-04-30T10:30:28.037Z,STANDARD,2022-04-30T10:30:28.037Z,7300,7y7WRknKUkabAFNeBY3dvw==,https://www.googleapis.com/download/storage/v1/b/data-cube-migration/o/burger_priest_sales_raw%2Fbp_viv_menu_categories.csv.gz?generation=1651314627947709&alt=media,L85Txg==,CL3Zvq7Ku/cCEAE=,2022-04-30T13:30:46.262726Z,OBJECT_DELETE,projects/_/buckets/data-cube-migration/notificationConfigs/12,JSON_API_V1,1651314627947709,burger_priest_sales_raw/bp_viv_menu_categories.csv.gz,data-cube-migration,,
storage#object,data-cube-migration/archive/micros_sales_raw/mm_kds_detail_2022032620220328.csv.gz/1648552646062190,https://www.googleapis.com/storage/v1/b/data-cube-migration/o/archive%2Fmicros_sales_raw%2Fmm_kds_detail_2022032620220328.csv.gz,archive/micros_sales_raw/mm_kds_detail_2022032620220328.csv.gz,data-cube-migration,1648552646062190,2,text/csv,2022-03-29T11:17:26.093Z,2022-04-28T23:23:10.404Z,NEARLINE,2022-04-28T23:23:10.404Z,22690914,s68f9asH3GKno+WNW1/kWw==,https://www.googleapis.com/download/storage/v1/b/data-cube-migration/o/archive%2Fmicros_sales_raw%2Fmm_kds_detail_2022032620220328.csv.gz?generation=1648552646062190&alt=media,JXKTtA==,CO7g8paZ6/YCEAI=,2022-04-28T23:23:10.404658Z,OBJECT_METADATA_UPDATE,projects/_/buckets/data-cube-migration/notificationConfigs/12,JSON_API_V1,1648552646062190,archive/micros_sales_raw/mm_kds_detail_2022032620220328.csv.gz,data-cube-migration,,
storage#object,data-cube-migration/archive/nyf_sales_raw/ny_orders_2022042220220428.csv.gz/1651239084320048,https://www.googleapis.com/storage/v1/b/data-cube-migration/o/archive%2Fnyf_sales_raw%2Fny_orders_2022042220220428.csv.gz,archive/nyf_sales_raw/ny_orders_2022042220220428.csv.gz,data-cube-migration,1651239084320048,1,text/csv,2022-04-29T13:31:24.410Z,2022-04-29T13:31:24.410Z,STANDARD,2022-04-29T13:31:24.410Z,3896151,vPhnH3Nh0fg5ModMG/nkYQ==,https://www.googleapis.com/download/storage/v1/b/data-cube-migration/o/archive%2Fnyf_sales_raw%2Fny_orders_2022042220220428.csv.gz?generation=1651239084320048&alt=media,NRCaKQ==,CLDKvfiwufcCEAE=,2022-04-29T13:31:24.410030Z,OBJECT_FINALIZE,projects/_/buckets/data-cube-migration/notificationConfigs/12,JSON_API_V1,1651239084320048,archive/nyf_sales_raw/ny_orders_2022042220220428.csv.gz,data-cube-migration,,
storage#object,data-cube-migration/micros_sales_raw/mm_em_gc_esm.csv.gz/1651315861331270,https://www.googleapis.com/storage/v1/b/data-cube-migration/o/micros_sales_raw%2Fmm_em_gc_esm.csv.gz,micros_sales_raw/mm_em_gc_esm.csv.gz,data-cube-migration,1651315861331270,1,text/csv,2022-04-30T10:51:01.417Z,2022-04-30T10:51:01.417Z,STANDARD,2022-04-30T10:51:01.417Z,87085,KiQM0JpzqPpKUrmjAlOANw==,https://www.googleapis.com/download/storage/v1/b/data-cube-migration/o/micros_sales_raw%2Fmm_em_gc_esm.csv.gz?generation=1651315861331270&alt=media,CNpB/w==,CMa6zvrOu/cCEAE=,2022-04-30T10:51:01.417351Z,OBJECT_FINALIZE,projects/_/buckets/data-cube-migration/notificationConfigs/12,JSON_API_V1,1651315861331270,micros_sales_raw/mm_em_gc_esm.csv.gz,data-cube-migration,,
storage#object,data-cube-migration/archive/burger_priest_sales_raw/bp_viv_employee.csv.gz/1651325440178093,https://www.googleapis.com/storage/v1/b/data-cube-migration/o/archive%2Fburger_priest_sales_raw%2Fbp_viv_employee.csv.gz,archive/burger_priest_sales_raw/bp_viv_employee.csv.gz,data-cube-migration,1651325440178093,1,text/csv,2022-04-30T13:30:40.281Z,2022-04-30T13:30:40.281Z,STANDARD,2022-04-30T13:30:40.281Z,59868,7Q9j2rlcDAgm61y+8Rf6Ew==,https://www.googleapis.com/download/storage/v1/b/data-cube-migration/o/archive%2Fburger_priest_sales_raw%2Fbp_viv_employee.csv.gz?generation=1651325440178093&alt=media,psnD8A==,CK3vlNLyu/cCEAE=,2022-04-30T13:30:40.281204Z,OBJECT_FINALIZE,projects/_/buckets/data-cube-migration/notificationConfigs/12,JSON_API_V1,1651325440178093,archive/burger_priest_sales_raw/bp_viv_employee.csv.gz,data-cube-migration,1651239039497034,
storage#object,data-cube-migration/1909/n9_check_detail_2022012320220129.csv.gz/1643542205248488,https://www.googleapis.com/storage/v1/b/data-cube-migration/o/1909%2Fn9_check_detail_2022012320220129.csv.gz,1909/n9_check_detail_2022012320220129.csv.gz,data-cube-migration,1643542205248488,3,text/csv,2022-01-30T11:30:05.268Z,2022-04-30T21:22:31.207Z,COLDLINE,2022-04-30T21:22:31.207Z,57,5m85iqHXBJO6SZrQj26QAw==,https://www.googleapis.com/download/storage/v1/b/data-cube-migration/o/1909%2Fn9_check_detail_2022012320220129.csv.gz?generation=1643542205248488&alt=media,lei9bw==,COjnxOqv2fUCEAM=,2022-04-30T21:22:31.207734Z,OBJECT_METADATA_UPDATE,projects/_/buckets/data-cube-migration/notificationConfigs/12,JSON_API_V1,1643542205248488,1909/n9_check_detail_2022012320220129.csv.gz,data-cube-migration,,
storage#object,data-cube-migration/burger_priest_sales_raw/bp_viv_menu_categories.csv.gz/1651401027851163,https://www.googleapis.com/storage/v1/b/data-cube-migration/o/burger_priest_sales_raw%2Fbp_viv_menu_categories.csv.gz,burger_priest_sales_raw/bp_viv_menu_categories.csv.gz,data-cube-migration,1651401027851163,1,text/csv,2022-05-01T10:30:27.944Z,2022-05-01T10:30:27.944Z,STANDARD,2022-05-01T10:30:27.944Z,7300,8xTAE3cWhtHoOlCDSnOGzg==,https://www.googleapis.com/download/storage/v1/b/data-cube-migration/o/burger_priest_sales_raw%2Fbp_viv_menu_categories.csv.gz?generation=1651401027851163&alt=media,a/hb+g==,CJunlp2MvvcCEAE=,2022-05-01T13:30:42.105636Z,OBJECT_DELETE,projects/_/buckets/data-cube-migration/notificationConfigs/12,JSON_API_V1,1651401027851163,burger_priest_sales_raw/bp_viv_menu_categories.csv.gz,data-cube-migration,,
storage#object,data-cube-migration/1909/n9_menu_item_sales_2022012120220127.csv.gz/1643369405896807,https://www.googleapis.com/storage/v1/b/data-cube-migration/o/1909%2Fn9_menu_item_sales_2022012120220127.csv.gz,1909/n9_menu_item_sales_2022012120220127.csv.gz,data-cube-migration,1643369405896807,3,text/csv,2022-01-28T11:30:05.916Z,2022-04-28T23:23:04.509Z,COLDLINE,2022-04-28T23:23:04.509Z,60,hymG4r993A2+7beIope8KA==,https://www.googleapis.com/download/storage/v1/b/data-cube-migration/o/1909%2Fn9_menu_item_sales_2022012120220127.csv.gz?generation=1643369405896807&alt=media,Ti0czw==,COewsY2s1PUCEAM=,2022-04-28T23:23:04.509574Z,OBJECT_METADATA_UPDATE,projects/_/buckets/data-cube-migration/notificationConfigs/12,JSON_API_V1,1643369405896807,1909/n9_menu_item_sales_2022012120220127.csv.gz,data-cube-migration,,
storage#object,data-cube-migration/micros_sales_raw/mm_major_group.csv.gz/1651056916171354,https://www.googleapis.com/storage/v1/b/data-cube-migration/o/micros_sales_raw%2Fmm_major_group.csv.gz,micros_sales_raw/mm_major_group.csv.gz,data-cube-migration,1651056916171354,1,text/csv,2022-04-27T10:55:16.260Z,2022-04-27T10:55:16.260Z,STANDARD,2022-04-27T10:55:16.260Z,114834,zORqpZXfhmTpmeNgXs8cxA==,https://www.googleapis.com/download/storage/v1/b/data-cube-migration/o/micros_sales_raw%2Fmm_major_group.csv.gz?generation=1651056916171354&alt=media,T+s1bQ==,CNqU+KeKtPcCEAE=,2022-04-27T10:55:16.260035Z,OBJECT_FINALIZE,projects/_/buckets/data-cube-migration/notificationConfigs/12,JSON_API_V1,1651056916171354,micros_sales_raw/mm_major_group.csv.gz,data-cube-migration,,
storage#object,data-cube-migration/micros_sales_raw/mm_guest_check_line_item_hist_2022042620220426.csv.gz/1651056914541313,https://www.googleapis.com/storage/v1/b/data-cube-migration/o/micros_sales_raw%2Fmm_guest_check_line_item_hist_2022042620220426.csv.gz,micros_sales_raw/mm_guest_check_line_item_hist_2022042620220426.csv.gz,data-cube-migration,1651056914541313,1,text/csv,2022-04-27T10:55:14.632Z,2022-04-27T10:55:14.632Z,STANDARD,2022-04-27T10:55:14.632Z,54693841,EvUNNnRwy95Cb0iAFuqhjw==,https://www.googleapis.com/download/storage/v1/b/data-cube-migration/o/micros_sales_raw%2Fmm_guest_check_line_item_hist_2022042620220426.csv.gz?generation=1651056914541313&alt=media,6Esoxw==,CIHWlKeKtPcCEAE=,2022-04-27T10:55:14.632886Z,OBJECT_FINALIZE,projects/_/buckets/data-cube-migration/notificationConfigs/12,JSON_API_V1,1651056914541313,micros_sales_raw/mm_guest_check_line_item_hist_2022042620220426.csv.gz,data-cube-migration,,
storage#object,data-cube-migration/micros_sales_raw/mm_kds_detail_2022042420220426.csv.gz/1651056915445767,https://www.googleapis.com/storage/v1/b/data-cube-migration/o/micros_sales_raw%2Fmm_kds_detail_2022042420220426.csv.gz,micros_sales_raw/mm_kds_detail_2022042420220426.csv.gz,data-cube-migration,1651056915445767,1,text/csv,2022-04-27T10:55:15.533Z,2022-04-27T10:55:15.533Z,STANDARD,2022-04-27T10:55:15.533Z,21293949,G7KRelkq1/2iKf8KtdZChQ==,https://www.googleapis.com/download/storage/v1/b/data-cube-migration/o/micros_sales_raw%2Fmm_kds_detail_2022042420220426.csv.gz?generation=1651056915445767&alt=media,k/b9Pg==,CIfwy6eKtPcCEAE=,2022-04-27T10:55:15.533532Z,OBJECT_FINALIZE,projects/_/buckets/data-cube-migration/notificationConfigs/12,JSON_API_V1,1651056915445767,micros_sales_raw/mm_kds_detail_2022042420220426.csv.gz,data-cube-migration,,
storage#object,data-cube-migration/vmax_raw/vx_customer.csv.gz/1651057206423070,https://www.googleapis.com/storage/v1/b/data-cube-migration/o/vmax_raw%2Fvx_customer.csv.gz,vmax_raw/vx_customer.csv.gz,data-cube-migration,1651057206423070,1,text/csv,2022-04-27T11:00:06.517Z,2022-04-27T11:00:06.517Z,STANDARD,2022-04-27T11:00:06.517Z,180419,cFNZqTIQwYk63pfA7aZ8YQ==,https://www.googleapis.com/download/storage/v1/b/data-cube-migration/o/vmax_raw%2Fvx_customer.csv.gz?generation=1651057206423070&alt=media,3JzRXw==,CJ7cq7KLtPcCEAE=,2022-04-27T11:00:06.517859Z,OBJECT_FINALIZE,projects/_/buckets/data-cube-migration/notificationConfigs/12,JSON_API_V1,1651057206423070,vmax_raw/vx_customer.csv.gz,data-cube-migration,,
storage#object,data-cube-migration/micros_sales_raw/mm_location.csv.gz/1651056915799278,https://www.googleapis.com/storage/v1/b/data-cube-migration/o/micros_sales_raw%2Fmm_location.csv.gz,micros_sales_raw/mm_location.csv.gz,data-cube-migration,1651056915799278,1,text/csv,2022-04-27T10:55:15.887Z,2022-04-27T10:55:15.887Z,STANDARD,2022-04-27T10:55:15.887Z,47995,t8W0Z0IqaFvQ8e0T8SC/7w==,https://www.googleapis.com/download/storage/v1/b/data-cube-migration/o/micros_sales_raw%2Fmm_location.csv.gz?generation=1651056915799278&alt=media,qxmjmw==,CO654aeKtPcCEAE=,2022-04-27T10:55:15.887280Z,OBJECT_FINALIZE,projects/_/buckets/data-cube-migration/notificationConfigs/12,JSON_API_V1,1651056915799278,micros_sales_raw/mm_location.csv.gz,data-cube-migration,,
storage#object,data-cube-migration/errors/em_har_mi_price_def.csv.gz/1650970264442008,https://www.googleapis.com/storage/v1/b/data-cube-migration/o/errors%2Fem_har_mi_price_def.csv.gz,errors/em_har_mi_price_def.csv.gz,data-cube-migration,1650970264442008,1,text/csv,2022-04-26T10:51:04.568Z,2022-04-26T10:51:04.568Z,STANDARD,2022-04-26T10:51:04.568Z,6991928,CeQnb9jqtnOQDJLOaEsSxg==,https://www.googleapis.com/download/storage/v1/b/data-cube-migration/o/errors%2Fem_har_mi_price_def.csv.gz?generation=1650970264442008&alt=media,pKRMeg==,CJiplsHHsfcCEAE=,2022-04-27T10:51:22.519037Z,OBJECT_DELETE,projects/_/buckets/data-cube-migration/notificationConfigs/12,JSON_API_V1,1650970264442008,errors/em_har_mi_price_def.csv.gz,data-cube-migration,,1651056682418858
storage#object,data-cube-migration/archive/vmax_raw/vx_customer.csv.gz/1651057296580401,https://www.googleapis.com/storage/v1/b/data-cube-migration/o/archive%2Fvmax_raw%2Fvx_customer.csv.gz,archive/vmax_raw/vx_customer.csv.gz,data-cube-migration,1651057296580401,1,text/csv,2022-04-27T11:01:36.683Z,2022-04-27T11:01:36.683Z,STANDARD,2022-04-27T11:01:36.683Z,180419,cFNZqTIQwYk63pfA7aZ8YQ==,https://www.googleapis.com/download/storage/v1/b/data-cube-migration/o/archive%2Fvmax_raw%2Fvx_customer.csv.gz?generation=1651057296580401&alt=media,3JzRXw==,CLG+qt2LtPcCEAE=,2022-04-27T11:01:36.683537Z,OBJECT_FINALIZE,projects/_/buckets/data-cube-migration/notificationConfigs/12,JSON_API_V1,1651057296580401,archive/vmax_raw/vx_customer.csv.gz,data-cube-migration,1650971983990204,
storage#object,data-cube-migration/archive/vmax_raw/vx_customer.csv.gz/1650971983990204,https://www.googleapis.com/storage/v1/b/data-cube-migration/o/archive%2Fvmax_raw%2Fvx_customer.csv.gz,archive/vmax_raw/vx_customer.csv.gz,data-cube-migration,1650971983990204,1,text/csv,2022-04-26T11:19:44.091Z,2022-04-26T11:19:44.091Z,STANDARD,2022-04-26T11:19:44.091Z,6493895,FkSmpFZx27m/K3Js4DdmBQ==,https://www.googleapis.com/download/storage/v1/b/data-cube-migration/o/archive%2Fvmax_raw%2Fvx_customer.csv.gz?generation=1650971983990204&alt=media,a13RIQ==,CLybj/XNsfcCEAE=,2022-04-27T11:01:36.683537Z,OBJECT_DELETE,projects/_/buckets/data-cube-migration/notificationConfigs/12,JSON_API_V1,1650971983990204,archive/vmax_raw/vx_customer.csv.gz,data-cube-migration,,1651057296580401
storage#object,data-cube-migration/vmax_raw/vx_customer.csv.gz/1651057206423070,https://www.googleapis.com/storage/v1/b/data-cube-migration/o/vmax_raw%2Fvx_customer.csv.gz,vmax_raw/vx_customer.csv.gz,data-cube-migration,1651057206423070,1,text/csv,2022-04-27T11:00:06.517Z,2022-04-27T11:00:06.517Z,STANDARD,2022-04-27T11:00:06.517Z,180419,cFNZqTIQwYk63pfA7aZ8YQ==,https://www.googleapis.com/download/storage/v1/b/data-cube-migration/o/vmax_raw%2Fvx_customer.csv.gz?generation=1651057206423070&alt=media,3JzRXw==,CJ7cq7KLtPcCEAE=,2022-04-27T11:01:36.883446Z,OBJECT_DELETE,projects/_/buckets/data-cube-migration/notificationConfigs/12,JSON_API_V1,1651057206423070,vmax_raw/vx_customer.csv.gz,data-cube-migration,,
storage#object,data-cube-migration/vmax_raw/vx_customer.csv.gz/1651057300930035,https://www.googleapis.com/storage/v1/b/data-cube-migration/o/vmax_raw%2Fvx_customer.csv.gz,vmax_raw/vx_customer.csv.gz,data-cube-migration,1651057300930035,1,text/csv,2022-04-27T11:01:41.022Z,2022-04-27T11:01:41.022Z,STANDARD,2022-04-27T11:01:41.022Z,395386,IsoZqXg+Qn7TRTIiSrEtVA==,https://www.googleapis.com/download/storage/v1/b/data-cube-migration/o/vmax_raw%2Fvx_customer.csv.gz?generation=1651057300930035&alt=media,bx/pjg==,CPP7s9+LtPcCEAE=,2022-04-27T11:01:41.022132Z,OBJECT_FINALIZE,projects/_/buckets/data-cube-migration/notificationConfigs/12,JSON_API_V1,1651057300930035,vmax_raw/vx_customer.csv.gz,data-cube-migration,,
storage#object,data-cube-migration/archive/vmax_raw/vx_customer.csv.gz/1651057296580401,https://www.googleapis.com/storage/v1/b/data-cube-migration/o/archive%2Fvmax_raw%2Fvx_customer.csv.gz,archive/vmax_raw/vx_customer.csv.gz,data-cube-migration,1651057296580401,1,text/csv,2022-04-27T11:01:36.683Z,2022-04-27T11:01:36.683Z,STANDARD,2022-04-27T11:01:36.683Z,180419,cFNZqTIQwYk63pfA7aZ8YQ==,https://www.googleapis.com/download/storage/v1/b/data-cube-migration/o/archive%2Fvmax_raw%2Fvx_customer.csv.gz?generation=1651057296580401&alt=media,3JzRXw==,CLG+qt2LtPcCEAE=,2022-04-27T11:04:03.848134Z,OBJECT_DELETE,projects/_/buckets/data-cube-migration/notificationConfigs/12,JSON_API_V1,1651057296580401,archive/vmax_raw/vx_customer.csv.gz,data-cube-migration,,1651057443747389
storage#object,data-cube-migration/archive/vmax_raw/vx_customer.csv.gz/1651057443747389,https://www.googleapis.com/storage/v1/b/data-cube-migration/o/archive%2Fvmax_raw%2Fvx_customer.csv.gz,archive/vmax_raw/vx_customer.csv.gz,data-cube-migration,1651057443747389,1,text/csv,2022-04-27T11:04:03.848Z,2022-04-27T11:04:03.848Z,STANDARD,2022-04-27T11:04:03.848Z,395386,IsoZqXg+Qn7TRTIiSrEtVA==,https://www.googleapis.com/download/storage/v1/b/data-cube-migration/o/archive%2Fvmax_raw%2Fvx_customer.csv.gz?generation=1651057443747389&alt=media,bx/pjg==,CL3swKOMtPcCEAE=,2022-04-27T11:04:03.848134Z,OBJECT_FINALIZE,projects/_/buckets/data-cube-migration/notificationConfigs/12,JSON_API_V1,1651057443747389,archive/vmax_raw/vx_customer.csv.gz,data-cube-migration,1651057296580401,
storage#object,data-cube-migration/vmax_raw/vx_customer.csv.gz/1651057480159907,https://www.googleapis.com/storage/v1/b/data-cube-migration/o/vmax_raw%2Fvx_customer.csv.gz,vmax_raw/vx_customer.csv.gz,data-cube-migration,1651057480159907,1,text/csv,2022-04-27T11:04:40.247Z,2022-04-27T11:04:40.247Z,STANDARD,2022-04-27T11:04:40.247Z,5924231,NWLD6BqbzeidiO/lgqvIgQ==,https://www.googleapis.com/download/storage/v1/b/data-cube-migration/o/vmax_raw%2Fvx_customer.csv.gz?generation=1651057480159907&alt=media,oNIa5g==,CKOl77SMtPcCEAE=,2022-04-27T11:04:40.247964Z,OBJECT_FINALIZE,projects/_/buckets/data-cube-migration/notificationConfigs/12,JSON_API_V1,1651057480159907,vmax_raw/vx_customer.csv.gz,data-cube-migration,,
storage#object,data-cube-migration/vmax_raw/vx_customer.csv.gz/1651057300930035,https://www.googleapis.com/storage/v1/b/data-cube-migration/o/vmax_raw%2Fvx_customer.csv.gz,vmax_raw/vx_customer.csv.gz,data-cube-migration,1651057300930035,1,text/csv,2022-04-27T11:01:41.022Z,2022-04-27T11:01:41.022Z,STANDARD,2022-04-27T11:01:41.022Z,395386,IsoZqXg+Qn7TRTIiSrEtVA==,https://www.googleapis.com/download/storage/v1/b/data-cube-migration/o/vmax_raw%2Fvx_customer.csv.gz?generation=1651057300930035&alt=media,bx/pjg==,CPP7s9+LtPcCEAE=,2022-04-27T11:04:04.231377Z,OBJECT_DELETE,projects/_/buckets/data-cube-migration/notificationConfigs/12,JSON_API_V1,1651057300930035,vmax_raw/vx_customer.csv.gz,data-cube-migration,,
storage#object,data-cube-migration/archive/vmax_raw/vx_customer.csv.gz/1651057443747389,https://www.googleapis.com/storage/v1/b/data-cube-migration/o/archive%2Fvmax_raw%2Fvx_customer.csv.gz,archive/vmax_raw/vx_customer.csv.gz,data-cube-migration,1651057443747389,1,text/csv,2022-04-27T11:04:03.848Z,2022-04-27T11:04:03.848Z,STANDARD,2022-04-27T11:04:03.848Z,395386,IsoZqXg+Qn7TRTIiSrEtVA==,https://www.googleapis.com/download/storage/v1/b/data-cube-migration/o/archive%2Fvmax_raw%2Fvx_customer.csv.gz?generation=1651057443747389&alt=media,bx/pjg==,CL3swKOMtPcCEAE=,2022-04-27T11:09:45.660455Z,OBJECT_DELETE,projects/_/buckets/data-cube-migration/notificationConfigs/12,JSON_API_V1,1651057443747389,archive/vmax_raw/vx_customer.csv.gz,data-cube-migration,,1651057785555140
storage#object,data-cube-migration/archive/vmax_raw/vx_customer.csv.gz/1651057785555140,https://www.googleapis.com/storage/v1/b/data-cube-migration/o/archive%2Fvmax_raw%2Fvx_customer.csv.gz,archive/vmax_raw/vx_customer.csv.gz,data-cube-migration,1651057785555140,1,text/csv,2022-04-27T11:09:45.660Z,2022-04-27T11:09:45.660Z,STANDARD,2022-04-27T11:09:45.660Z,5924231,NWLD6BqbzeidiO/lgqvIgQ==,https://www.googleapis.com/download/storage/v1/b/data-cube-migration/o/archive%2Fvmax_raw%2Fvx_customer.csv.gz?generation=1651057785555140&alt=media,oNIa5g==,CMSRv8aNtPcCEAE=,2022-04-27T11:09:45.660455Z,OBJECT_FINALIZE,projects/_/buckets/data-cube-migration/notificationConfigs/12,JSON_API_V1,1651057785555140,archive/vmax_raw/vx_customer.csv.gz,data-cube-migration,1651057443747389,
storage#object,data-cube-migration/vmax_raw/vx_customer.csv.gz/1651057480159907,https://www.googleapis.com/storage/v1/b/data-cube-migration/o/vmax_raw%2Fvx_customer.csv.gz,vmax_raw/vx_customer.csv.gz,data-cube-migration,1651057480159907,1,text/csv,2022-04-27T11:04:40.247Z,2022-04-27T11:04:40.247Z,STANDARD,2022-04-27T11:04:40.247Z,5924231,NWLD6BqbzeidiO/lgqvIgQ==,https://www.googleapis.com/download/storage/v1/b/data-cube-migration/o/vmax_raw%2Fvx_customer.csv.gz?generation=1651057480159907&alt=media,oNIa5g==,CKOl77SMtPcCEAE=,2022-04-27T11:09:45.885698Z,OBJECT_DELETE,projects/_/buckets/data-cube-migration/notificationConfigs/12,JSON_API_V1,1651057480159907,vmax_raw/vx_customer.csv.gz,data-cube-migration,,
storage#object,data-cube-migration/vmax_raw/vx_customer.csv.gz/1651057788133856,https://www.googleapis.com/storage/v1/b/data-cube-migration/o/vmax_raw%2Fvx_customer.csv.gz,vmax_raw/vx_customer.csv.gz,data-cube-migration,1651057788133856,1,text/csv,2022-04-27T11:09:48.222Z,2022-04-27T11:09:48.222Z,STANDARD,2022-04-27T11:09:48.222Z,128272,mM2Yg/1vUiDIoqnIS8aLZw==,https://www.googleapis.com/download/storage/v1/b/data-cube-migration/o/vmax_raw%2Fvx_customer.csv.gz?generation=1651057788133856&alt=media,752IWg==,CODD3MeNtPcCEAE=,2022-04-27T11:09:48.222675Z,OBJECT_FINALIZE,projects/_/buckets/data-cube-migration/notificationConfigs/12,JSON_API_V1,1651057788133856,vmax_raw/vx_customer.csv.gz,data-cube-migration,,
storage#object,data-cube-migration/archive/vmax_raw/vx_customer.csv.gz/1651057886912321,https://www.googleapis.com/storage/v1/b/data-cube-migration/o/archive%2Fvmax_raw%2Fvx_customer.csv.gz,archive/vmax_raw/vx_customer.csv.gz,data-cube-migration,1651057886912321,1,text/csv,2022-04-27T11:11:27.013Z,2022-04-27T11:11:27.013Z,STANDARD,2022-04-27T11:11:27.013Z,128272,mM2Yg/1vUiDIoqnIS8aLZw==,https://www.googleapis.com/download/storage/v1/b/data-cube-migration/o/archive%2Fvmax_raw%2Fvx_customer.csv.gz?generation=1651057886912321&alt=media,752IWg==,CMG+6faNtPcCEAE=,2022-04-27T11:11:27.013560Z,OBJECT_FINALIZE,projects/_/buckets/data-cube-migration/notificationConfigs/12,JSON_API_V1,1651057886912321,archive/vmax_raw/vx_customer.csv.gz,data-cube-migration,1651057785555140,
storage#object,data-cube-migration/archive/vmax_raw/vx_customer.csv.gz/1651057785555140,https://www.googleapis.com/storage/v1/b/data-cube-migration/o/archive%2Fvmax_raw%2Fvx_customer.csv.gz,archive/vmax_raw/vx_customer.csv.gz,data-cube-migration,1651057785555140,1,text/csv,2022-04-27T11:09:45.660Z,2022-04-27T11:09:45.660Z,STANDARD,2022-04-27T11:09:45.660Z,5924231,NWLD6BqbzeidiO/lgqvIgQ==,https://www.googleapis.com/download/storage/v1/b/data-cube-migration/o/archive%2Fvmax_raw%2Fvx_customer.csv.gz?generation=1651057785555140&alt=media,oNIa5g==,CMSRv8aNtPcCEAE=,2022-04-27T11:11:27.013560Z,OBJECT_DELETE,projects/_/buckets/data-cube-migration/notificationConfigs/12,JSON_API_V1,1651057785555140,archive/vmax_raw/vx_customer.csv.gz,data-cube-migration,,1651057886912321
storage#object,data-cube-migration/vmax_raw/vx_customer.csv.gz/1651057788133856,https://www.googleapis.com/storage/v1/b/data-cube-migration/o/vmax_raw%2Fvx_customer.csv.gz,vmax_raw/vx_customer.csv.gz,data-cube-migration,1651057788133856,1,text/csv,2022-04-27T11:09:48.222Z,2022-04-27T11:09:48.222Z,STANDARD,2022-04-27T11:09:48.222Z,128272,mM2Yg/1vUiDIoqnIS8aLZw==,https://www.googleapis.com/download/storage/v1/b/data-cube-migration/o/vmax_raw%2Fvx_customer.csv.gz?generation=1651057788133856&alt=media,752IWg==,CODD3MeNtPcCEAE=,2022-04-27T11:11:27.215670Z,OBJECT_DELETE,projects/_/buckets/data-cube-migration/notificationConfigs/12,JSON_API_V1,1651057788133856,vmax_raw/vx_customer.csv.gz,data-cube-migration,,
storage#object,data-cube-migration/vmax_raw/vx_customer.csv.gz/1651057895441471,https://www.googleapis.com/storage/v1/b/data-cube-migration/o/vmax_raw%2Fvx_customer.csv.gz,vmax_raw/vx_customer.csv.gz,data-cube-migration,1651057895441471,1,text/csv,2022-04-27T11:11:35.528Z,2022-04-27T11:11:35.528Z,STANDARD,2022-04-27T11:11:35.528Z,1169245,JwoihxpgLPQOmAoMxYyhpA==,https://www.googleapis.com/download/storage/v1/b/data-cube-migration/o/vmax_raw%2Fvx_customer.csv.gz?generation=1651057895441471&alt=media,owapJw==,CL+I8vqNtPcCEAE=,2022-04-27T11:11:35.528785Z,OBJECT_FINALIZE,projects/_/buckets/data-cube-migration/notificationConfigs/12,JSON_API_V1,1651057895441471,vmax_raw/vx_customer.csv.gz,data-cube-migration,,
storage#object,data-cube-migration/archive/vmax_raw/vx_customer.csv.gz/1651058072101967,https://www.googleapis.com/storage/v1/b/data-cube-migration/o/archive%2Fvmax_raw%2Fvx_customer.csv.gz,archive/vmax_raw/vx_customer.csv.gz,data-cube-migration,1651058072101967,1,text/csv,2022-04-27T11:14:32.205Z,2022-04-27T11:14:32.205Z,STANDARD,2022-04-27T11:14:32.205Z,1169245,JwoihxpgLPQOmAoMxYyhpA==,https://www.googleapis.com/download/storage/v1/b/data-cube-migration/o/archive%2Fvmax_raw%2Fvx_customer.csv.gz?generation=1651058072101967&alt=media,owapJw==,CM/IkM+OtPcCEAE=,2022-04-27T11:14:32.205697Z,OBJECT_FINALIZE,projects/_/buckets/data-cube-migration/notificationConfigs/12,JSON_API_V1,1651058072101967,archive/vmax_raw/vx_customer.csv.gz,data-cube-migration,1651057886912321,
storage#object,data-cube-migration/archive/vmax_raw/vx_customer.csv.gz/1651057886912321,https://www.googleapis.com/storage/v1/b/data-cube-migration/o/archive%2Fvmax_raw%2Fvx_customer.csv.gz,archive/vmax_raw/vx_customer.csv.gz,data-cube-migration,1651057886912321,1,text/csv,2022-04-27T11:11:27.013Z,2022-04-27T11:11:27.013Z,STANDARD,2022-04-27T11:11:27.013Z,128272,mM2Yg/1vUiDIoqnIS8aLZw==,https://www.googleapis.com/download/storage/v1/b/data-cube-migration/o/archive%2Fvmax_raw%2Fvx_customer.csv.gz?generation=1651057886912321&alt=media,752IWg==,CMG+6faNtPcCEAE=,2022-04-27T11:14:32.205697Z,OBJECT_DELETE,projects/_/buckets/data-cube-migration/notificationConfigs/12,JSON_API_V1,1651057886912321,archive/vmax_raw/vx_customer.csv.gz,data-cube-migration,,1651058072101967
storage#object,data-cube-migration/vmax_raw/vx_customer.csv.gz/1651057895441471,https://www.googleapis.com/storage/v1/b/data-cube-migration/o/vmax_raw%2Fvx_customer.csv.gz,vmax_raw/vx_customer.csv.gz,data-cube-migration,1651057895441471,1,text/csv,2022-04-27T11:11:35.528Z,2022-04-27T11:11:35.528Z,STANDARD,2022-04-27T11:11:35.528Z,1169245,JwoihxpgLPQOmAoMxYyhpA==,https://www.googleapis.com/download/storage/v1/b/data-cube-migration/o/vmax_raw%2Fvx_customer.csv.gz?generation=1651057895441471&alt=media,owapJw==,CL+I8vqNtPcCEAE=,2022-04-27T11:14:32.405562Z,OBJECT_DELETE,projects/_/buckets/data-cube-migration/notificationConfigs/12,JSON_API_V1,1651057895441471,vmax_raw/vx_customer.csv.gz,data-cube-migration,,
storage#object,data-cube-migration/vmax_raw/vx_customer.csv.gz/1651058100000095,https://www.googleapis.com/storage/v1/b/data-cube-migration/o/vmax_raw%2Fvx_customer.csv.gz,vmax_raw/vx_customer.csv.gz,data-cube-migration,1651058100000095,1,text/csv,2022-04-27T11:15:00.088Z,2022-04-27T11:15:00.088Z,STANDARD,2022-04-27T11:15:00.088Z,5495309,aFLOttfbBLS2MGGxcVhjrg==,https://www.googleapis.com/download/storage/v1/b/data-cube-migration/o/vmax_raw%2Fvx_customer.csv.gz?generation=1651058100000095&alt=media,0qApjg==,CN+qt9yOtPcCEAE=,2022-04-27T11:15:00.088609Z,OBJECT_FINALIZE,projects/_/buckets/data-cube-migration/notificationConfigs/12,JSON_API_V1,1651058100000095,vmax_raw/vx_customer.csv.gz,data-cube-migration,,
storage#object,data-cube-migration/archive/micros_sales_raw/mm_location.csv.gz/1651058107695012,https://www.googleapis.com/storage/v1/b/data-cube-migration/o/archive%2Fmicros_sales_raw%2Fmm_location.csv.gz,archive/micros_sales_raw/mm_location.csv.gz,data-cube-migration,1651058107695012,1,text/csv,2022-04-27T11:15:07.798Z,2022-04-27T11:15:07.798Z,STANDARD,2022-04-27T11:15:07.798Z,47995,t8W0Z0IqaFvQ8e0T8SC/7w==,https://www.googleapis.com/download/storage/v1/b/data-cube-migration/o/archive%2Fmicros_sales_raw%2Fmm_location.csv.gz?generation=1651058107695012&alt=media,qxmjmw==,CKT/jOCOtPcCEAE=,2022-04-27T11:15:07.798084Z,OBJECT_FINALIZE,projects/_/buckets/data-cube-migration/notificationConfigs/12,JSON_API_V1,1651058107695012,archive/micros_sales_raw/mm_location.csv.gz,data-cube-migration,1650971706525589,
storage#object,data-cube-migration/archive/micros_sales_raw/mm_location.csv.gz/1650971706525589,https://www.googleapis.com/storage/v1/b/data-cube-migration/o/archive%2Fmicros_sales_raw%2Fmm_location.csv.gz,archive/micros_sales_raw/mm_location.csv.gz,data-cube-migration,1650971706525589,1,text/csv,2022-04-26T11:15:06.629Z,2022-04-26T11:15:06.629Z,STANDARD,2022-04-26T11:15:06.629Z,48108,ODiqNerdQIsE9ai2lzib8Q==,https://www.googleapis.com/download/storage/v1/b/data-cube-migration/o/archive%2Fmicros_sales_raw%2Fmm_location.csv.gz?generation=1650971706525589&alt=media,Wma/7g==,CJWP6PDMsfcCEAE=,2022-04-27T11:15:07.798084Z,OBJECT_DELETE,projects/_/buckets/data-cube-migration/notificationConfigs/12,JSON_API_V1,1650971706525589,archive/micros_sales_raw/mm_location.csv.gz,data-cube-migration,,1651058107695012
storage#object,data-cube-migration/micros_sales_raw/mm_location.csv.gz/1651056915799278,https://www.googleapis.com/storage/v1/b/data-cube-migration/o/micros_sales_raw%2Fmm_location.csv.gz,micros_sales_raw/mm_location.csv.gz,data-cube-migration,1651056915799278,1,text/csv,2022-04-27T10:55:15.887Z,2022-04-27T10:55:15.887Z,STANDARD,2022-04-27T10:55:15.887Z,47995,t8W0Z0IqaFvQ8e0T8SC/7w==,https://www.googleapis.com/download/storage/v1/b/data-cube-migration/o/micros_sales_raw%2Fmm_location.csv.gz?generation=1651056915799278&alt=media,qxmjmw==,CO654aeKtPcCEAE=,2022-04-27T11:15:07.998297Z,OBJECT_DELETE,projects/_/buckets/data-cube-migration/notificationConfigs/12,JSON_API_V1,1651056915799278,micros_sales_raw/mm_location.csv.gz,data-cube-migration,,
storage#object,data-cube-migration/archive/micros_sales_raw/mm_employee.csv.gz/1650971715698384,https://www.googleapis.com/storage/v1/b/data-cube-migration/o/archive%2Fmicros_sales_raw%2Fmm_employee.csv.gz,archive/micros_sales_raw/mm_employee.csv.gz,data-cube-migration,1650971715698384,1,text/csv,2022-04-26T11:15:15.799Z,2022-04-26T11:15:15.799Z,STANDARD,2022-04-26T11:15:15.799Z,2313935,2imzM8XRcOifyCFL8jjFYQ==,https://www.googleapis.com/download/storage/v1/b/data-cube-migration/o/archive%2Fmicros_sales_raw%2Fmm_employee.csv.gz?generation=1650971715698384&alt=media,8+5DVw==,CND9l/XMsfcCEAE=,2022-04-27T11:15:17.226002Z,OBJECT_DELETE,projects/_/buckets/data-cube-migration/notificationConfigs/12,JSON_API_V1,1650971715698384,archive/micros_sales_raw/mm_employee.csv.gz,data-cube-migration,,1651058117121673
storage#object,data-cube-migration/archive/micros_sales_raw/mm_employee.csv.gz/1651058117121673,https://www.googleapis.com/storage/v1/b/data-cube-migration/o/archive%2Fmicros_sales_raw%2Fmm_employee.csv.gz,archive/micros_sales_raw/mm_employee.csv.gz,data-cube-migration,1651058117121673,1,text/csv,2022-04-27T11:15:17.226Z,2022-04-27T11:15:17.226Z,STANDARD,2022-04-27T11:15:17.226Z,2314656,TCYAhnehJhnA8rqq1hchxQ==,https://www.googleapis.com/download/storage/v1/b/data-cube-migration/o/archive%2Fmicros_sales_raw%2Fmm_employee.csv.gz?generation=1651058117121673&alt=media,bx0wpA==,CImtzOSOtPcCEAE=,2022-04-27T11:15:17.226002Z,OBJECT_FINALIZE,projects/_/buckets/data-cube-migration/notificationConfigs/12,JSON_API_V1,1651058117121673,archive/micros_sales_raw/mm_employee.csv.gz,data-cube-migration,1650971715698384,
storage#object,data-cube-migration/micros_sales_raw/mm_employee.csv.gz/1651056670632996,https://www.googleapis.com/storage/v1/b/data-cube-migration/o/micros_sales_raw%2Fmm_employee.csv.gz,micros_sales_raw/mm_employee.csv.gz,data-cube-migration,1651056670632996,1,text/csv,2022-04-27T10:51:10.723Z,2022-04-27T10:51:10.723Z,STANDARD,2022-04-27T10:51:10.723Z,2314656,TCYAhnehJhnA8rqq1hchxQ==,https://www.googleapis.com/download/storage/v1/b/data-cube-migration/o/micros_sales_raw%2Fmm_employee.csv.gz?generation=1651056670632996&alt=media,bx0wpA==,CKTY7bKJtPcCEAE=,2022-04-27T11:15:17.422474Z,OBJECT_DELETE,projects/_/buckets/data-cube-migration/notificationConfigs/12,JSON_API_V1,1651056670632996,micros_sales_raw/mm_employee.csv.gz,data-cube-migration,,
storage#object,data-cube-migration/archive/micros_sales_raw/mm_major_group.csv.gz/1651058122136899,https://www.googleapis.com/storage/v1/b/data-cube-migration/o/archive%2Fmicros_sales_raw%2Fmm_major_group.csv.gz,archive/micros_sales_raw/mm_major_group.csv.gz,data-cube-migration,1651058122136899,1,text/csv,2022-04-27T11:15:22.237Z,2022-04-27T11:15:22.237Z,STANDARD,2022-04-27T11:15:22.237Z,114834,zORqpZXfhmTpmeNgXs8cxA==,https://www.googleapis.com/download/storage/v1/b/data-cube-migration/o/archive%2Fmicros_sales_raw%2Fmm_major_group.csv.gz?generation=1651058122136899&alt=media,T+s1bQ==,CMO6/uaOtPcCEAE=,2022-04-27T11:15:22.237083Z,OBJECT_FINALIZE,projects/_/buckets/data-cube-migration/notificationConfigs/12,JSON_API_V1,1651058122136899,archive/micros_sales_raw/mm_major_group.csv.gz,data-cube-migration,1650971720893107,
storage#object,data-cube-migration/archive/micros_sales_raw/mm_major_group.csv.gz/1650971720893107,https://www.googleapis.com/storage/v1/b/data-cube-migration/o/archive%2Fmicros_sales_raw%2Fmm_major_group.csv.gz,archive/micros_sales_raw/mm_major_group.csv.gz,data-cube-migration,1650971720893107,1,text/csv,2022-04-26T11:15:21.008Z,2022-04-26T11:15:21.008Z,STANDARD,2022-04-26T11:15:21.008Z,114834,fN+UrbaI4dUbRv7KmvVoOg==,https://www.googleapis.com/download/storage/v1/b/data-cube-migration/o/archive%2Fmicros_sales_raw%2Fmm_major_group.csv.gz?generation=1650971720893107&alt=media,jru5uQ==,CLOF1ffMsfcCEAE=,2022-04-27T11:15:22.237083Z,OBJECT_DELETE,projects/_/buckets/data-cube-migration/notificationConfigs/12,JSON_API_V1,1650971720893107,archive/micros_sales_raw/mm_major_group.csv.gz,data-cube-migration,,1651058122136899
storage#object,data-cube-migration/micros_sales_raw/mm_major_group.csv.gz/1651056916171354,https://www.googleapis.com/storage/v1/b/data-cube-migration/o/micros_sales_raw%2Fmm_major_group.csv.gz,micros_sales_raw/mm_major_group.csv.gz,data-cube-migration,1651056916171354,1,text/csv,2022-04-27T10:55:16.260Z,2022-04-27T10:55:16.260Z,STANDARD,2022-04-27T10:55:16.260Z,114834,zORqpZXfhmTpmeNgXs8cxA==,https://www.googleapis.com/download/storage/v1/b/data-cube-migration/o/micros_sales_raw%2Fmm_major_group.csv.gz?generation=1651056916171354&alt=media,T+s1bQ==,CNqU+KeKtPcCEAE=,2022-04-27T11:15:22.443661Z,OBJECT_DELETE,projects/_/buckets/data-cube-migration/notificationConfigs/12,JSON_API_V1,1651056916171354,micros_sales_raw/mm_major_group.csv.gz,data-cube-migration,,
storage#object,data-cube-migration/archive/micros_sales_raw/mm_family_group.csv.gz/1651058133922791,https://www.googleapis.com/storage/v1/b/data-cube-migration/o/archive%2Fmicros_sales_raw%2Fmm_family_group.csv.gz,archive/micros_sales_raw/mm_family_group.csv.gz,data-cube-migration,1651058133922791,1,text/csv,2022-04-27T11:15:34.023Z,2022-04-27T11:15:34.023Z,STANDARD,2022-04-27T11:15:34.023Z,561430,laTL1Cl0VIfvwUd61fThyQ==,https://www.googleapis.com/download/storage/v1/b/data-cube-migration/o/archive%2Fmicros_sales_raw%2Fmm_family_group.csv.gz?generation=1651058133922791&alt=media,F/VmVA==,COfnzeyOtPcCEAE=,2022-04-27T11:15:34.023928Z,OBJECT_FINALIZE,projects/_/buckets/data-cube-migration/notificationConfigs/12,JSON_API_V1,1651058133922791,archive/micros_sales_raw/mm_family_group.csv.gz,data-cube-migration,1650971728510629,
storage#object,data-cube-migration/archive/micros_sales_raw/mm_family_group.csv.gz/1650971728510629,https://www.googleapis.com/storage/v1/b/data-cube-migration/o/archive%2Fmicros_sales_raw%2Fmm_family_group.csv.gz,archive/micros_sales_raw/mm_family_group.csv.gz,data-cube-migration,1650971728510629,1,text/csv,2022-04-26T11:15:28.609Z,2022-04-26T11:15:28.609Z,STANDARD,2022-04-26T11:15:28.609Z,561430,YvZkQRRcDYPzBXk//0EMuQ==,https://www.googleapis.com/download/storage/v1/b/data-cube-migration/o/archive%2Fmicros_sales_raw%2Fmm_family_group.csv.gz?generation=1650971728510629&alt=media,E4VsLA==,CKX9pfvMsfcCEAE=,2022-04-27T11:15:34.023928Z,OBJECT_DELETE,projects/_/buckets/data-cube-migration/notificationConfigs/12,JSON_API_V1,1650971728510629,archive/micros_sales_raw/mm_family_group.csv.gz,data-cube-migration,,1651058133922791
storage#object,data-cube-migration/micros_sales_raw/mm_family_group.csv.gz/1651056662221355,https://www.googleapis.com/storage/v1/b/data-cube-migration/o/micros_sales_raw%2Fmm_family_group.csv.gz,micros_sales_raw/mm_family_group.csv.gz,data-cube-migration,1651056662221355,1,text/csv,2022-04-27T10:51:02.306Z,2022-04-27T10:51:02.306Z,STANDARD,2022-04-27T10:51:02.306Z,561430,laTL1Cl0VIfvwUd61fThyQ==,https://www.googleapis.com/download/storage/v1/b/data-cube-migration/o/micros_sales_raw%2Fmm_family_group.csv.gz?generation=1651056662221355&alt=media,F/VmVA==,CKuk7K6JtPcCEAE=,2022-04-27T11:15:34.224326Z,OBJECT_DELETE,projects/_/buckets/data-cube-migration/notificationConfigs/12,JSON_API_V1,1651056662221355,micros_sales_raw/mm_family_group.csv.gz,data-cube-migration,,
storage#object,data-cube-migration/archive/micros_sales_raw/mm_discount.csv.gz/1650971768105556,https://www.googleapis.com/storage/v1/b/data-cube-migration/o/archive%2Fmicros_sales_raw%2Fmm_discount.csv.gz,archive/micros_sales_raw/mm_discount.csv.gz,data-cube-migration,1650971768105556,1,text/csv,2022-04-26T11:16:08.208Z,2022-04-26T11:16:08.208Z,STANDARD,2022-04-26T11:16:08.208Z,3026732,CNpcXYQyOFpRIz3A6yZ1Yw==,https://www.googleapis.com/download/storage/v1/b/data-cube-migration/o/archive%2Fmicros_sales_raw%2Fmm_discount.csv.gz?generation=1650971768105556&alt=media,qK7hEg==,CNTUlo7NsfcCEAE=,2022-04-27T11:15:55.744099Z,OBJECT_DELETE,projects/_/buckets/data-cube-migration/notificationConfigs/12,JSON_API_V1,1650971768105556,archive/micros_sales_raw/mm_discount.csv.gz,data-cube-migration,,1651058155643881
storage#object,data-cube-migration/archive/micros_sales_raw/mm_discount.csv.gz/1651058155643881,https://www.googleapis.com/storage/v1/b/data-cube-migration/o/archive%2Fmicros_sales_raw%2Fmm_discount.csv.gz,archive/micros_sales_raw/mm_discount.csv.gz,data-cube-migration,1651058155643881,1,text/csv,2022-04-27T11:15:55.744Z,2022-04-27T11:15:55.744Z,STANDARD,2022-04-27T11:15:55.744Z,3027259,Io9yJEljE570r06ZbGQ/Lw==,https://www.googleapis.com/download/storage/v1/b/data-cube-migration/o/archive%2Fmicros_sales_raw%2Fmm_discount.csv.gz?generation=1651058155643881&alt=media,f95djA==,COnH+/aOtPcCEAE=,2022-04-27T11:15:55.744099Z,OBJECT_FINALIZE,projects/_/buckets/data-cube-migration/notificationConfigs/12,JSON_API_V1,1651058155643881,archive/micros_sales_raw/mm_discount.csv.gz,data-cube-migration,1650971768105556,
storage#object,data-cube-migration/micros_sales_raw/mm_discount.csv.gz/1651056658307569,https://www.googleapis.com/storage/v1/b/data-cube-migration/o/micros_sales_raw%2Fmm_discount.csv.gz,micros_sales_raw/mm_discount.csv.gz,data-cube-migration,1651056658307569,1,text/csv,2022-04-27T10:50:58.395Z,2022-04-27T10:50:58.395Z,STANDARD,2022-04-27T10:50:58.395Z,3027259,Io9yJEljE570r06ZbGQ/Lw==,https://www.googleapis.com/download/storage/v1/b/data-cube-migration/o/micros_sales_raw%2Fmm_discount.csv.gz?generation=1651056658307569&alt=media,f95djA==,CPGz/ayJtPcCEAE=,2022-04-27T11:15:55.941161Z,OBJECT_DELETE,projects/_/buckets/data-cube-migration/notificationConfigs/12,JSON_API_V1,1651056658307569,micros_sales_raw/mm_discount.csv.gz,data-cube-migration,,
storage#object,data-cube-migration/archive/vmax_raw/vx_customer.csv.gz/1651058072101967,https://www.googleapis.com/storage/v1/b/data-cube-migration/o/archive%2Fvmax_raw%2Fvx_customer.csv.gz,archive/vmax_raw/vx_customer.csv.gz,data-cube-migration,1651058072101967,1,text/csv,2022-04-27T11:14:32.205Z,2022-04-27T11:14:32.205Z,STANDARD,2022-04-27T11:14:32.205Z,1169245,JwoihxpgLPQOmAoMxYyhpA==,https://www.googleapis.com/download/storage/v1/b/data-cube-migration/o/archive%2Fvmax_raw%2Fvx_customer.csv.gz?generation=1651058072101967&alt=media,owapJw==,CM/IkM+OtPcCEAE=,2022-04-27T11:16:49.926301Z,OBJECT_DELETE,projects/_/buckets/data-cube-migration/notificationConfigs/12,JSON_API_V1,1651058072101967,archive/vmax_raw/vx_customer.csv.gz,data-cube-migration,,1651058209824594
storage#object,data-cube-migration/archive/vmax_raw/vx_customer.csv.gz/1651058209824594,https://www.googleapis.com/storage/v1/b/data-cube-migration/o/archive%2Fvmax_raw%2Fvx_customer.csv.gz,archive/vmax_raw/vx_customer.csv.gz,data-cube-migration,1651058209824594,1,text/csv,2022-04-27T11:16:49.926Z,2022-04-27T11:16:49.926Z,STANDARD,2022-04-27T11:16:49.926Z,5495309,aFLOttfbBLS2MGGxcVhjrg==,https://www.googleapis.com/download/storage/v1/b/data-cube-migration/o/archive%2Fvmax_raw%2Fvx_customer.csv.gz?generation=1651058209824594&alt=media,0qApjg==,CNK+5pCPtPcCEAE=,2022-04-27T11:16:49.926301Z,OBJECT_FINALIZE,projects/_/buckets/data-cube-migration/notificationConfigs/12,JSON_API_V1,1651058209824594,archive/vmax_raw/vx_customer.csv.gz,data-cube-migration,1651058072101967,
storage#object,data-cube-migration/vmax_raw/vx_customer.csv.gz/1651058100000095,https://www.googleapis.com/storage/v1/b/data-cube-migration/o/vmax_raw%2Fvx_customer.csv.gz,vmax_raw/vx_customer.csv.gz,data-cube-migration,1651058100000095,1,text/csv,2022-04-27T11:15:00.088Z,2022-04-27T11:15:00.088Z,STANDARD,2022-04-27T11:15:00.088Z,5495309,aFLOttfbBLS2MGGxcVhjrg==,https://www.googleapis.com/download/storage/v1/b/data-cube-migration/o/vmax_raw%2Fvx_customer.csv.gz?generation=1651058100000095&alt=media,0qApjg==,CN+qt9yOtPcCEAE=,2022-04-27T11:16:50.125201Z,OBJECT_DELETE,projects/_/buckets/data-cube-migration/notificationConfigs/12,JSON_API_V1,1651058100000095,vmax_raw/vx_customer.csv.gz,data-cube-migration,,
storage#object,data-cube-migration/micros_sales_raw/mm_kds_detail_2022042420220426.csv.gz/1651056915445767,https://www.googleapis.com/storage/v1/b/data-cube-migration/o/micros_sales_raw%2Fmm_kds_detail_2022042420220426.csv.gz,micros_sales_raw/mm_kds_detail_2022042420220426.csv.gz,data-cube-migration,1651056915445767,1,text/csv,2022-04-27T10:55:15.533Z,2022-04-27T10:55:15.533Z,STANDARD,2022-04-27T10:55:15.533Z,21293949,G7KRelkq1/2iKf8KtdZChQ==,https://www.googleapis.com/download/storage/v1/b/data-cube-migration/o/micros_sales_raw%2Fmm_kds_detail_2022042420220426.csv.gz?generation=1651056915445767&alt=media,k/b9Pg==,CIfwy6eKtPcCEAE=,2022-04-27T11:17:03.087193Z,OBJECT_DELETE,projects/_/buckets/data-cube-migration/notificationConfigs/12,JSON_API_V1,1651056915445767,micros_sales_raw/mm_kds_detail_2022042420220426.csv.gz,data-cube-migration,,
storage#object,data-cube-migration/archive/micros_sales_raw/mm_kds_detail_2022042420220426.csv.gz/1651058222776910,https://www.googleapis.com/storage/v1/b/data-cube-migration/o/archive%2Fmicros_sales_raw%2Fmm_kds_detail_2022042420220426.csv.gz,archive/micros_sales_raw/mm_kds_detail_2022042420220426.csv.gz,data-cube-migration,1651058222776910,1,text/csv,2022-04-27T11:17:02.866Z,2022-04-27T11:17:02.866Z,STANDARD,2022-04-27T11:17:02.866Z,21293949,G7KRelkq1/2iKf8KtdZChQ==,https://www.googleapis.com/download/storage/v1/b/data-cube-migration/o/archive%2Fmicros_sales_raw%2Fmm_kds_detail_2022042420220426.csv.gz?generation=1651058222776910&alt=media,k/b9Pg==,CM6E/ZaPtPcCEAE=,2022-04-27T11:17:02.866195Z,OBJECT_FINALIZE,projects/_/buckets/data-cube-migration/notificationConfigs/12,JSON_API_V1,1651058222776910,archive/micros_sales_raw/mm_kds_detail_2022042420220426.csv.gz,data-cube-migration,,
storage#object,data-cube-migration/archive/micros_sales_raw/mm_em_bmt.csv.gz/1650971868444471,https://www.googleapis.com/storage/v1/b/data-cube-migration/o/archive%2Fmicros_sales_raw%2Fmm_em_bmt.csv.gz,archive/micros_sales_raw/mm_em_bmt.csv.gz,data-cube-migration,1650971868444471,1,text/csv,2022-04-26T11:17:48.557Z,2022-04-26T11:17:48.557Z,STANDARD,2022-04-26T11:17:48.557Z,56023,wTbgKtEWtd3WDda32V4WnA==,https://www.googleapis.com/download/storage/v1/b/data-cube-migration/o/archive%2Fmicros_sales_raw%2Fmm_em_bmt.csv.gz?generation=1650971868444471&alt=media,Ap4KPQ==,CLfugr7NsfcCEAE=,2022-04-27T11:17:29.614256Z,OBJECT_DELETE,projects/_/buckets/data-cube-migration/notificationConfigs/12,JSON_API_V1,1650971868444471,archive/micros_sales_raw/mm_em_bmt.csv.gz,data-cube-migration,,1651058249512524
storage#object,data-cube-migration/micros_sales_raw/mm_em_bmt.csv.gz/1651056658610917,https://www.googleapis.com/storage/v1/b/data-cube-migration/o/micros_sales_raw%2Fmm_em_bmt.csv.gz,micros_sales_raw/mm_em_bmt.csv.gz,data-cube-migration,1651056658610917,1,text/csv,2022-04-27T10:50:58.698Z,2022-04-27T10:50:58.698Z,STANDARD,2022-04-27T10:50:58.698Z,56004,n7PpzUhFu7pbRD0FUiggrQ==,https://www.googleapis.com/download/storage/v1/b/data-cube-migration/o/micros_sales_raw%2Fmm_em_bmt.csv.gz?generation=1651056658610917&alt=media,8SHdVg==,COX1j62JtPcCEAE=,2022-04-27T11:17:29.812163Z,OBJECT_DELETE,projects/_/buckets/data-cube-migration/notificationConfigs/12,JSON_API_V1,1651056658610917,micros_sales_raw/mm_em_bmt.csv.gz,data-cube-migration,,
storage#object,data-cube-migration/archive/micros_sales_raw/mm_em_bmt.csv.gz/1651058249512524,https://www.googleapis.com/storage/v1/b/data-cube-migration/o/archive%2Fmicros_sales_raw%2Fmm_em_bmt.csv.gz,archive/micros_sales_raw/mm_em_bmt.csv.gz,data-cube-migration,1651058249512524,1,text/csv,2022-04-27T11:17:29.614Z,2022-04-27T11:17:29.614Z,STANDARD,2022-04-27T11:17:29.614Z,56004,n7PpzUhFu7pbRD0FUiggrQ==,https://www.googleapis.com/download/storage/v1/b/data-cube-migration/o/archive%2Fmicros_sales_raw%2Fmm_em_bmt.csv.gz?generation=1651058249512524&alt=media,8SHdVg==,CMzs3KOPtPcCEAE=,2022-04-27T11:17:29.614256Z,OBJECT_FINALIZE,projects/_/buckets/data-cube-migration/notificationConfigs/12,JSON_API_V1,1651058249512524,archive/micros_sales_raw/mm_em_bmt.csv.gz,data-cube-migration,1650971868444471,
storage#object,data-cube-migration/archive/micros_sales_raw/mm_em_esm.csv.gz/1650971879904990,https://www.googleapis.com/storage/v1/b/data-cube-migration/o/archive%2Fmicros_sales_raw%2Fmm_em_esm.csv.gz,archive/micros_sales_raw/mm_em_esm.csv.gz,data-cube-migration,1650971879904990,1,text/csv,2022-04-26T11:18:00.002Z,2022-04-26T11:18:00.002Z,STANDARD,2022-04-26T11:18:00.002Z,798134,et31FI6hjKpiA0/9vJ5R4Q==,https://www.googleapis.com/download/storage/v1/b/data-cube-migration/o/archive%2Fmicros_sales_raw%2Fmm_em_esm.csv.gz?generation=1650971879904990&alt=media,d7w+Cg==,CN6tvsPNsfcCEAE=,2022-04-27T11:17:36.692681Z,OBJECT_DELETE,projects/_/buckets/data-cube-migration/notificationConfigs/12,JSON_API_V1,1650971879904990,archive/micros_sales_raw/mm_em_esm.csv.gz,data-cube-migration,,1651058256590016
storage#object,data-cube-migration/archive/micros_sales_raw/mm_em_esm.csv.gz/1651058256590016,https://www.googleapis.com/storage/v1/b/data-cube-migration/o/archive%2Fmicros_sales_raw%2Fmm_em_esm.csv.gz,archive/micros_sales_raw/mm_em_esm.csv.gz,data-cube-migration,1651058256590016,1,text/csv,2022-04-27T11:17:36.692Z,2022-04-27T11:17:36.692Z,STANDARD,2022-04-27T11:17:36.692Z,798214,cwteYsPQXlLqgrTp0U6cDQ==,https://www.googleapis.com/download/storage/v1/b/data-cube-migration/o/archive%2Fmicros_sales_raw%2Fmm_em_esm.csv.gz?generation=1651058256590016&alt=media,qNFxXQ==,CMDpjKePtPcCEAE=,2022-04-27T11:17:36.692681Z,OBJECT_FINALIZE,projects/_/buckets/data-cube-migration/notificationConfigs/12,JSON_API_V1,1651058256590016,archive/micros_sales_raw/mm_em_esm.csv.gz,data-cube-migration,1650971879904990,
storage#object,data-cube-migration/micros_sales_raw/mm_em_esm.csv.gz/1651056671031105,https://www.googleapis.com/storage/v1/b/data-cube-migration/o/micros_sales_raw%2Fmm_em_esm.csv.gz,micros_sales_raw/mm_em_esm.csv.gz,data-cube-migration,1651056671031105,1,text/csv,2022-04-27T10:51:11.119Z,2022-04-27T10:51:11.119Z,STANDARD,2022-04-27T10:51:11.119Z,798214,cwteYsPQXlLqgrTp0U6cDQ==,https://www.googleapis.com/download/storage/v1/b/data-cube-migration/o/micros_sales_raw%2Fmm_em_esm.csv.gz?generation=1651056671031105&alt=media,qNFxXQ==,CMH+hbOJtPcCEAE=,2022-04-27T11:17:36.895278Z,OBJECT_DELETE,projects/_/buckets/data-cube-migration/notificationConfigs/12,JSON_API_V1,1651056671031105,micros_sales_raw/mm_em_esm.csv.gz,data-cube-migration,,
storage#object,data-cube-migration/archive/micros_sales_raw/mm_em_har.csv.gz/1650971885386863,https://www.googleapis.com/storage/v1/b/data-cube-migration/o/archive%2Fmicros_sales_raw%2Fmm_em_har.csv.gz,archive/micros_sales_raw/mm_em_har.csv.gz,data-cube-migration,1650971885386863,1,text/csv,2022-04-26T11:18:05.518Z,2022-04-26T11:18:05.518Z,STANDARD,2022-04-26T11:18:05.518Z,34,OVzSposF8Mro4JsyaJkxQA==,https://www.googleapis.com/download/storage/v1/b/data-cube-migration/o/archive%2Fmicros_sales_raw%2Fmm_em_har.csv.gz?generation=1650971885386863&alt=media,8bYHTw==,CO/4jMbNsfcCEAE=,2022-04-27T11:17:41.790188Z,OBJECT_DELETE,projects/_/buckets/data-cube-migration/notificationConfigs/12,JSON_API_V1,1650971885386863,archive/micros_sales_raw/mm_em_har.csv.gz,data-cube-migration,,1651058261689345
storage#object,data-cube-migration/archive/micros_sales_raw/mm_em_har.csv.gz/1651058261689345,https://www.googleapis.com/storage/v1/b/data-cube-migration/o/archive%2Fmicros_sales_raw%2Fmm_em_har.csv.gz,archive/micros_sales_raw/mm_em_har.csv.gz,data-cube-migration,1651058261689345,1,text/csv,2022-04-27T11:17:41.790Z,2022-04-27T11:17:41.790Z,STANDARD,2022-04-27T11:17:41.790Z,34,HMr7a/WSqPqFhTW7SLzrDA==,https://www.googleapis.com/download/storage/v1/b/data-cube-migration/o/archive%2Fmicros_sales_raw%2Fmm_em_har.csv.gz?generation=1651058261689345&alt=media,dv8svQ==,CIGIxKmPtPcCEAE=,2022-04-27T11:17:41.790188Z,OBJECT_FINALIZE,projects/_/buckets/data-cube-migration/notificationConfigs/12,JSON_API_V1,1651058261689345,archive/micros_sales_raw/mm_em_har.csv.gz,data-cube-migration,1650971885386863,
storage#object,data-cube-migration/micros_sales_raw/mm_em_har.csv.gz/1651056672872679,https://www.googleapis.com/storage/v1/b/data-cube-migration/o/micros_sales_raw%2Fmm_em_har.csv.gz,micros_sales_raw/mm_em_har.csv.gz,data-cube-migration,1651056672872679,1,text/csv,2022-04-27T10:51:12.958Z,2022-04-27T10:51:12.958Z,STANDARD,2022-04-27T10:51:12.958Z,34,HMr7a/WSqPqFhTW7SLzrDA==,https://www.googleapis.com/download/storage/v1/b/data-cube-migration/o/micros_sales_raw%2Fmm_em_har.csv.gz?generation=1651056672872679&alt=media,dv8svQ==,COex9rOJtPcCEAE=,2022-04-27T11:17:41.983569Z,OBJECT_DELETE,projects/_/buckets/data-cube-migration/notificationConfigs/12,JSON_API_V1,1651056672872679,micros_sales_raw/mm_em_har.csv.gz,data-cube-migration,,
storage#object,data-cube-migration/micros_sales_raw/mm_em_kel.csv.gz/1651056661229103,https://www.googleapis.com/storage/v1/b/data-cube-migration/o/micros_sales_raw%2Fmm_em_kel.csv.gz,micros_sales_raw/mm_em_kel.csv.gz,data-cube-migration,1651056661229103,1,text/csv,2022-04-27T10:51:01.318Z,2022-04-27T10:51:01.318Z,STANDARD,2022-04-27T10:51:01.318Z,894214,ywWdg0P3gybTUR79TmoJ2Q==,https://www.googleapis.com/download/storage/v1/b/data-cube-migration/o/micros_sales_raw%2Fmm_em_kel.csv.gz?generation=1651056661229103&alt=media,p+InZA==,CK/cr66JtPcCEAE=,2022-04-27T11:17:53.064152Z,OBJECT_DELETE,projects/_/buckets/data-cube-migration/notificationConfigs/12,JSON_API_V1,1651056661229103,micros_sales_raw/mm_em_kel.csv.gz,data-cube-migration,,
storage#object,data-cube-migration/archive/micros_sales_raw/mm_em_kel.csv.gz/1650971894922533,https://www.googleapis.com/storage/v1/b/data-cube-migration/o/archive%2Fmicros_sales_raw%2Fmm_em_kel.csv.gz,archive/micros_sales_raw/mm_em_kel.csv.gz,data-cube-migration,1650971894922533,1,text/csv,2022-04-26T11:18:15.022Z,2022-04-26T11:18:15.022Z,STANDARD,2022-04-26T11:18:15.022Z,893800,8ldld9+DFeKEY1ZPBFxkag==,https://www.googleapis.com/download/storage/v1/b/data-cube-migration/o/archive%2Fmicros_sales_raw%2Fmm_em_kel.csv.gz?generation=1650971894922533&alt=media,yG0IXA==,CKX60srNsfcCEAE=,2022-04-27T11:17:52.794633Z,OBJECT_DELETE,projects/_/buckets/data-cube-migration/notificationConfigs/12,JSON_API_V1,1650971894922533,archive/micros_sales_raw/mm_em_kel.csv.gz,data-cube-migration,,1651058272689984
storage#object,data-cube-migration/archive/micros_sales_raw/mm_em_kel.csv.gz/1651058272689984,https://www.googleapis.com/storage/v1/b/data-cube-migration/o/archive%2Fmicros_sales_raw%2Fmm_em_kel.csv.gz,archive/micros_sales_raw/mm_em_kel.csv.gz,data-cube-migration,1651058272689984,1,text/csv,2022-04-27T11:17:52.794Z,2022-04-27T11:17:52.794Z,STANDARD,2022-04-27T11:17:52.794Z,894214,ywWdg0P3gybTUR79TmoJ2Q==,https://www.googleapis.com/download/storage/v1/b/data-cube-migration/o/archive%2Fmicros_sales_raw%2Fmm_em_kel.csv.gz?generation=1651058272689984&alt=media,p+InZA==,CMC+466PtPcCEAE=,2022-04-27T11:17:52.794633Z,OBJECT_FINALIZE,projects/_/buckets/data-cube-migration/notificationConfigs/12,JSON_API_V1,1651058272689984,archive/micros_sales_raw/mm_em_kel.csv.gz,data-cube-migration,1650971894922533,
storage#object,data-cube-migration/archive/micros_sales_raw/mm_em_lan.csv.gz/1651058281349914,https://www.googleapis.com/storage/v1/b/data-cube-migration/o/archive%2Fmicros_sales_raw%2Fmm_em_lan.csv.gz,archive/micros_sales_raw/mm_em_lan.csv.gz,data-cube-migration,1651058281349914,1,text/csv,2022-04-27T11:18:01.452Z,2022-04-27T11:18:01.452Z,STANDARD,2022-04-27T11:18:01.452Z,52468,68HAlxPNFZWTSCxwbW979Q==,https://www.googleapis.com/download/storage/v1/b/data-cube-migration/o/archive%2Fmicros_sales_raw%2Fmm_em_lan.csv.gz?generation=1651058281349914&alt=media,4bxulA==,CJqG9LKPtPcCEAE=,2022-04-27T11:18:01.452147Z,OBJECT_FINALIZE,projects/_/buckets/data-cube-migration/notificationConfigs/12,JSON_API_V1,1651058281349914,archive/micros_sales_raw/mm_em_lan.csv.gz,data-cube-migration,1650971900740754,
storage#object,data-cube-migration/archive/micros_sales_raw/mm_em_lan.csv.gz/1650971900740754,https://www.googleapis.com/storage/v1/b/data-cube-migration/o/archive%2Fmicros_sales_raw%2Fmm_em_lan.csv.gz,archive/micros_sales_raw/mm_em_lan.csv.gz,data-cube-migration,1650971900740754,1,text/csv,2022-04-26T11:18:20.839Z,2022-04-26T11:18:20.839Z,STANDARD,2022-04-26T11:18:20.839Z,52529,HD5MOpHDcnhnV40GUr1vbw==,https://www.googleapis.com/download/storage/v1/b/data-cube-migration/o/archive%2Fmicros_sales_raw%2Fmm_em_lan.csv.gz?generation=1650971900740754&alt=media,ECeR1A==,CJKJts3NsfcCEAE=,2022-04-27T11:18:01.452147Z,OBJECT_DELETE,projects/_/buckets/data-cube-migration/notificationConfigs/12,JSON_API_V1,1650971900740754,archive/micros_sales_raw/mm_em_lan.csv.gz,data-cube-migration,,1651058281349914
storage#object,data-cube-migration/micros_sales_raw/mm_em_lan.csv.gz/1651056673139503,https://www.googleapis.com/storage/v1/b/data-cube-migration/o/micros_sales_raw%2Fmm_em_lan.csv.gz,micros_sales_raw/mm_em_lan.csv.gz,data-cube-migration,1651056673139503,1,text/csv,2022-04-27T10:51:13.228Z,2022-04-27T10:51:13.228Z,STANDARD,2022-04-27T10:51:13.228Z,52468,68HAlxPNFZWTSCxwbW979Q==,https://www.googleapis.com/download/storage/v1/b/data-cube-migration/o/micros_sales_raw%2Fmm_em_lan.csv.gz?generation=1651056673139503&alt=media,4bxulA==,CK/WhrSJtPcCEAE=,2022-04-27T11:18:01.649643Z,OBJECT_DELETE,projects/_/buckets/data-cube-migration/notificationConfigs/12,JSON_API_V1,1651056673139503,micros_sales_raw/mm_em_lan.csv.gz,data-cube-migration,,
storage#object,data-cube-migration/archive/micros_sales_raw/mm_em_mil.csv.gz/1650971907874577,https://www.googleapis.com/storage/v1/b/data-cube-migration/o/archive%2Fmicros_sales_raw%2Fmm_em_mil.csv.gz,archive/micros_sales_raw/mm_em_mil.csv.gz,data-cube-migration,1650971907874577,1,text/csv,2022-04-26T11:18:27.975Z,2022-04-26T11:18:27.975Z,STANDARD,2022-04-26T11:18:27.975Z,370170,L3FbvQzuVlSR5Z3ebbPcLQ==,https://www.googleapis.com/download/storage/v1/b/data-cube-migration/o/archive%2Fmicros_sales_raw%2Fmm_em_mil.csv.gz?generation=1650971907874577&alt=media,+8qJ/w==,CJG+6dDNsfcCEAE=,2022-04-27T11:18:15.043138Z,OBJECT_DELETE,projects/_/buckets/data-cube-migration/notificationConfigs/12,JSON_API_V1,1650971907874577,archive/micros_sales_raw/mm_em_mil.csv.gz,data-cube-migration,,1651058294941877
storage#object,data-cube-migration/archive/micros_sales_raw/mm_em_mil.csv.gz/1651058294941877,https://www.googleapis.com/storage/v1/b/data-cube-migration/o/archive%2Fmicros_sales_raw%2Fmm_em_mil.csv.gz,archive/micros_sales_raw/mm_em_mil.csv.gz,data-cube-migration,1651058294941877,1,text/csv,2022-04-27T11:18:15.043Z,2022-04-27T11:18:15.043Z,STANDARD,2022-04-27T11:18:15.043Z,369959,p3DfS0dQS7wrS7TX7xbkIw==,https://www.googleapis.com/download/storage/v1/b/data-cube-migration/o/archive%2Fmicros_sales_raw%2Fmm_em_mil.csv.gz?generation=1651058294941877&alt=media,mfRi2Q==,CLXRsbmPtPcCEAE=,2022-04-27T11:18:15.043138Z,OBJECT_FINALIZE,projects/_/buckets/data-cube-migration/notificationConfigs/12,JSON_API_V1,1651058294941877,archive/micros_sales_raw/mm_em_mil.csv.gz,data-cube-migration,1650971907874577,
storage#object,data-cube-migration/micros_sales_raw/mm_em_mil.csv.gz/1651056661564423,https://www.googleapis.com/storage/v1/b/data-cube-migration/o/micros_sales_raw%2Fmm_em_mil.csv.gz,micros_sales_raw/mm_em_mil.csv.gz,data-cube-migration,1651056661564423,1,text/csv,2022-04-27T10:51:01.651Z,2022-04-27T10:51:01.651Z,STANDARD,2022-04-27T10:51:01.651Z,369959,p3DfS0dQS7wrS7TX7xbkIw==,https://www.googleapis.com/download/storage/v1/b/data-cube-migration/o/micros_sales_raw%2Fmm_em_mil.csv.gz?generation=1651056661564423&alt=media,mfRi2Q==,CIeYxK6JtPcCEAE=,2022-04-27T11:18:15.246683Z,OBJECT_DELETE,projects/_/buckets/data-cube-migration/notificationConfigs/12,JSON_API_V1,1651056661564423,micros_sales_raw/mm_em_mil.csv.gz,data-cube-migration,,
storage#object,data-cube-migration/archive/micros_sales_raw/mm_em_mon.csv.gz/1650971914855222,https://www.googleapis.com/storage/v1/b/data-cube-migration/o/archive%2Fmicros_sales_raw%2Fmm_em_mon.csv.gz,archive/micros_sales_raw/mm_em_mon.csv.gz,data-cube-migration,1650971914855222,1,text/csv,2022-04-26T11:18:34.957Z,2022-04-26T11:18:34.957Z,STANDARD,2022-04-26T11:18:34.957Z,1151082,SGfFd91kfedjUP/Lfk2onA==,https://www.googleapis.com/download/storage/v1/b/data-cube-migration/o/archive%2Fmicros_sales_raw%2Fmm_em_mon.csv.gz?generation=1650971914855222&alt=media,9O1xOQ==,CLbGk9TNsfcCEAE=,2022-04-27T11:18:27.455353Z,OBJECT_DELETE,projects/_/buckets/data-cube-migration/notificationConfigs/12,JSON_API_V1,1650971914855222,archive/micros_sales_raw/mm_em_mon.csv.gz,data-cube-migration,,1651058307351349
storage#object,data-cube-migration/archive/micros_sales_raw/mm_em_mon.csv.gz/1651058307351349,https://www.googleapis.com/storage/v1/b/data-cube-migration/o/archive%2Fmicros_sales_raw%2Fmm_em_mon.csv.gz,archive/micros_sales_raw/mm_em_mon.csv.gz,data-cube-migration,1651058307351349,1,text/csv,2022-04-27T11:18:27.455Z,2022-04-27T11:18:27.455Z,STANDARD,2022-04-27T11:18:27.455Z,1150917,wPyyJZmaS0Tab808K9FIvQ==,https://www.googleapis.com/download/storage/v1/b/data-cube-migration/o/archive%2Fmicros_sales_raw%2Fmm_em_mon.csv.gz?generation=1651058307351349&alt=media,7wMqcw==,CLWGp7+PtPcCEAE=,2022-04-27T11:18:27.455353Z,OBJECT_FINALIZE,projects/_/buckets/data-cube-migration/notificationConfigs/12,JSON_API_V1,1651058307351349,archive/micros_sales_raw/mm_em_mon.csv.gz,data-cube-migration,1650971914855222,
storage#object,data-cube-migration/micros_sales_raw/mm_em_mon.csv.gz/1651056673475381,https://www.googleapis.com/storage/v1/b/data-cube-migration/o/micros_sales_raw%2Fmm_em_mon.csv.gz,micros_sales_raw/mm_em_mon.csv.gz,data-cube-migration,1651056673475381,1,text/csv,2022-04-27T10:51:13.569Z,2022-04-27T10:51:13.569Z,STANDARD,2022-04-27T10:51:13.569Z,1150917,wPyyJZmaS0Tab808K9FIvQ==,https://www.googleapis.com/download/storage/v1/b/data-cube-migration/o/micros_sales_raw%2Fmm_em_mon.csv.gz?generation=1651056673475381&alt=media,7wMqcw==,CLWWm7SJtPcCEAE=,2022-04-27T11:18:27.656579Z,OBJECT_DELETE,projects/_/buckets/data-cube-migration/notificationConfigs/12,JSON_API_V1,1651056673475381,micros_sales_raw/mm_em_mon.csv.gz,data-cube-migration,,
storage#object,data-cube-migration/archive/micros_sales_raw/mm_em_pub.csv.gz/1650971920067157,https://www.googleapis.com/storage/v1/b/data-cube-migration/o/archive%2Fmicros_sales_raw%2Fmm_em_pub.csv.gz,archive/micros_sales_raw/mm_em_pub.csv.gz,data-cube-migration,1650971920067157,1,text/csv,2022-04-26T11:18:40.169Z,2022-04-26T11:18:40.169Z,STANDARD,2022-04-26T11:18:40.169Z,82634,Yqn7W29BONeMKTQjVc9WBg==,https://www.googleapis.com/download/storage/v1/b/data-cube-migration/o/archive%2Fmicros_sales_raw%2Fmm_em_pub.csv.gz?generation=1650971920067157&alt=media,h1ThWg==,CNXU0dbNsfcCEAE=,2022-04-27T11:18:36.621882Z,OBJECT_DELETE,projects/_/buckets/data-cube-migration/notificationConfigs/12,JSON_API_V1,1650971920067157,archive/micros_sales_raw/mm_em_pub.csv.gz,data-cube-migration,,1651058316520424
storage#object,data-cube-migration/micros_sales_raw/mm_em_pub.csv.gz/1651056661883752,https://www.googleapis.com/storage/v1/b/data-cube-migration/o/micros_sales_raw%2Fmm_em_pub.csv.gz,micros_sales_raw/mm_em_pub.csv.gz,data-cube-migration,1651056661883752,1,text/csv,2022-04-27T10:51:01.970Z,2022-04-27T10:51:01.970Z,STANDARD,2022-04-27T10:51:01.970Z,82532,w4j0ZVQfSjoth/zN+XfKnQ==,https://www.googleapis.com/download/storage/v1/b/data-cube-migration/o/micros_sales_raw%2Fmm_em_pub.csv.gz?generation=1651056661883752&alt=media,vickmg==,COjW166JtPcCEAE=,2022-04-27T11:18:36.815056Z,OBJECT_DELETE,projects/_/buckets/data-cube-migration/notificationConfigs/12,JSON_API_V1,1651056661883752,micros_sales_raw/mm_em_pub.csv.gz,data-cube-migration,,
storage#object,data-cube-migration/archive/micros_sales_raw/mm_em_pub.csv.gz/1651058316520424,https://www.googleapis.com/storage/v1/b/data-cube-migration/o/archive%2Fmicros_sales_raw%2Fmm_em_pub.csv.gz,archive/micros_sales_raw/mm_em_pub.csv.gz,data-cube-migration,1651058316520424,1,text/csv,2022-04-27T11:18:36.621Z,2022-04-27T11:18:36.621Z,STANDARD,2022-04-27T11:18:36.621Z,82532,w4j0ZVQfSjoth/zN+XfKnQ==,https://www.googleapis.com/download/storage/v1/b/data-cube-migration/o/archive%2Fmicros_sales_raw%2Fmm_em_pub.csv.gz?generation=1651058316520424&alt=media,vickmg==,COjX1sOPtPcCEAE=,2022-04-27T11:18:36.621882Z,OBJECT_FINALIZE,projects/_/buckets/data-cube-migration/notificationConfigs/12,JSON_API_V1,1651058316520424,archive/micros_sales_raw/mm_em_pub.csv.gz,data-cube-migration,1650971920067157,
storage#object,data-cube-migration/micros_sales_raw/mm_em_swi.csv.gz/1651056673841124,https://www.googleapis.com/storage/v1/b/data-cube-migration/o/micros_sales_raw%2Fmm_em_swi.csv.gz,micros_sales_raw/mm_em_swi.csv.gz,data-cube-migration,1651056673841124,1,text/csv,2022-04-27T10:51:13.930Z,2022-04-27T10:51:13.930Z,STANDARD,2022-04-27T10:51:13.930Z,859063,mCWRkAVJHEjB0WuGaik+8w==,https://www.googleapis.com/download/storage/v1/b/data-cube-migration/o/micros_sales_raw%2Fmm_em_swi.csv.gz?generation=1651056673841124&alt=media,lEjqvA==,COS/sbSJtPcCEAE=,2022-04-27T11:18:44.457262Z,OBJECT_DELETE,projects/_/buckets/data-cube-migration/notificationConfigs/12,JSON_API_V1,1651056673841124,micros_sales_raw/mm_em_swi.csv.gz,data-cube-migration,,
storage#object,data-cube-migration/archive/micros_sales_raw/mm_em_swi.csv.gz/1651058324126521,https://www.googleapis.com/storage/v1/b/data-cube-migration/o/archive%2Fmicros_sales_raw%2Fmm_em_swi.csv.gz,archive/micros_sales_raw/mm_em_swi.csv.gz,data-cube-migration,1651058324126521,1,text/csv,2022-04-27T11:18:44.229Z,2022-04-27T11:18:44.229Z,STANDARD,2022-04-27T11:18:44.229Z,859063,mCWRkAVJHEjB0WuGaik+8w==,https://www.googleapis.com/download/storage/v1/b/data-cube-migration/o/archive%2Fmicros_sales_raw%2Fmm_em_swi.csv.gz?generation=1651058324126521&alt=media,lEjqvA==,CLn2psePtPcCEAE=,2022-04-27T11:18:44.229157Z,OBJECT_FINALIZE,projects/_/buckets/data-cube-migration/notificationConfigs/12,JSON_API_V1,1651058324126521,archive/micros_sales_raw/mm_em_swi.csv.gz,data-cube-migration,1650971928484583,
storage#object,data-cube-migration/archive/micros_sales_raw/mm_em_swi.csv.gz/1650971928484583,https://www.googleapis.com/storage/v1/b/data-cube-migration/o/archive%2Fmicros_sales_raw%2Fmm_em_swi.csv.gz,archive/micros_sales_raw/mm_em_swi.csv.gz,data-cube-migration,1650971928484583,1,text/csv,2022-04-26T11:18:48.584Z,2022-04-26T11:18:48.584Z,STANDARD,2022-04-26T11:18:48.584Z,858452,IC9pT0kvh9peRCmnLxVLzg==,https://www.googleapis.com/download/storage/v1/b/data-cube-migration/o/archive%2Fmicros_sales_raw%2Fmm_em_swi.csv.gz?generation=1650971928484583&alt=media,We9O0A==,COe109rNsfcCEAE=,2022-04-27T11:18:44.229157Z,OBJECT_DELETE,projects/_/buckets/data-cube-migration/notificationConfigs/12,JSON_API_V1,1650971928484583,archive/micros_sales_raw/mm_em_swi.csv.gz,data-cube-migration,,1651058324126521
storage#object,data-cube-migration/micros_sales_raw/mm_em_gc_bmt.csv.gz/1651056658905039,https://www.googleapis.com/storage/v1/b/data-cube-migration/o/micros_sales_raw%2Fmm_em_gc_bmt.csv.gz,micros_sales_raw/mm_em_gc_bmt.csv.gz,data-cube-migration,1651056658905039,1,text/csv,2022-04-27T10:50:58.992Z,2022-04-27T10:50:58.992Z,STANDARD,2022-04-27T10:50:58.992Z,52249,O/uIq3UTV1mY3HeqI4u66A==,https://www.googleapis.com/download/storage/v1/b/data-cube-migration/o/micros_sales_raw%2Fmm_em_gc_bmt.csv.gz?generation=1651056658905039&alt=media,yvRhcQ==,CM/voa2JtPcCEAE=,2022-04-27T11:19:13.455706Z,OBJECT_DELETE,projects/_/buckets/data-cube-migration/notificationConfigs/12,JSON_API_V1,1651056658905039,micros_sales_raw/mm_em_gc_bmt.csv.gz,data-cube-migration,,
storage#object,data-cube-migration/archive/micros_sales_raw/mm_em_gc_bmt.csv.gz/1650971957930719,https://www.googleapis.com/storage/v1/b/data-cube-migration/o/archive%2Fmicros_sales_raw%2Fmm_em_gc_bmt.csv.gz,archive/micros_sales_raw/mm_em_gc_bmt.csv.gz,data-cube-migration,1650971957930719,1,text/csv,2022-04-26T11:19:18.033Z,2022-04-26T11:19:18.033Z,STANDARD,2022-04-26T11:19:18.033Z,52185,m+x8MpFek0p9s57aYg7Xyw==,https://www.googleapis.com/download/storage/v1/b/data-cube-migration/o/archive%2Fmicros_sales_raw%2Fmm_em_gc_bmt.csv.gz?generation=1650971957930719&alt=media,sDGSFw==,CN/V2OjNsfcCEAE=,2022-04-27T11:19:13.261303Z,OBJECT_DELETE,projects/_/buckets/data-cube-migration/notificationConfigs/12,JSON_API_V1,1650971957930719,archive/micros_sales_raw/mm_em_gc_bmt.csv.gz,data-cube-migration,,1651058353160331
storage#object,data-cube-migration/archive/micros_sales_raw/mm_em_gc_bmt.csv.gz/1651058353160331,https://www.googleapis.com/storage/v1/b/data-cube-migration/o/archive%2Fmicros_sales_raw%2Fmm_em_gc_bmt.csv.gz,archive/micros_sales_raw/mm_em_gc_bmt.csv.gz,data-cube-migration,1651058353160331,1,text/csv,2022-04-27T11:19:13.261Z,2022-04-27T11:19:13.261Z,STANDARD,2022-04-27T11:19:13.261Z,52249,O/uIq3UTV1mY3HeqI4u66A==,https://www.googleapis.com/download/storage/v1/b/data-cube-migration/o/archive%2Fmicros_sales_raw%2Fmm_em_gc_bmt.csv.gz?generation=1651058353160331&alt=media,yvRhcQ==,CIuBk9WPtPcCEAE=,2022-04-27T11:19:13.261303Z,OBJECT_FINALIZE,projects/_/buckets/data-cube-migration/notificationConfigs/12,JSON_API_V1,1651058353160331,archive/micros_sales_raw/mm_em_gc_bmt.csv.gz,data-cube-migration,1650971957930719,
storage#object,data-cube-migration/archive/micros_sales_raw/mm_em_gc_esm.csv.gz/1650971963989298,https://www.googleapis.com/storage/v1/b/data-cube-migration/o/archive%2Fmicros_sales_raw%2Fmm_em_gc_esm.csv.gz,archive/micros_sales_raw/mm_em_gc_esm.csv.gz,data-cube-migration,1650971963989298,1,text/csv,2022-04-26T11:19:24.089Z,2022-04-26T11:19:24.089Z,STANDARD,2022-04-26T11:19:24.089Z,87085,u4W1sxkme9YAVKY8MKhPow==,https://www.googleapis.com/download/storage/v1/b/data-cube-migration/o/archive%2Fmicros_sales_raw%2Fmm_em_gc_esm.csv.gz?generation=1650971963989298&alt=media,XUT7dA==,CLK6yuvNsfcCEAE=,2022-04-27T11:19:26.074902Z,OBJECT_DELETE,projects/_/buckets/data-cube-migration/notificationConfigs/12,JSON_API_V1,1650971963989298,archive/micros_sales_raw/mm_em_gc_esm.csv.gz,data-cube-migration,,1651058365974641
storage#object,data-cube-migration/archive/micros_sales_raw/mm_em_gc_esm.csv.gz/1651058365974641,https://www.googleapis.com/storage/v1/b/data-cube-migration/o/archive%2Fmicros_sales_raw%2Fmm_em_gc_esm.csv.gz,archive/micros_sales_raw/mm_em_gc_esm.csv.gz,data-cube-migration,1651058365974641,1,text/csv,2022-04-27T11:19:26.074Z,2022-04-27T11:19:26.074Z,STANDARD,2022-04-27T11:19:26.074Z,87085,bQz/ATncqAFr3li/seAQnw==,https://www.googleapis.com/download/storage/v1/b/data-cube-migration/o/archive%2Fmicros_sales_raw%2Fmm_em_gc_esm.csv.gz?generation=1651058365974641&alt=media,57xV5w==,CPGQoduPtPcCEAE=,2022-04-27T11:19:26.074902Z,OBJECT_FINALIZE,projects/_/buckets/data-cube-migration/notificationConfigs/12,JSON_API_V1,1651058365974641,archive/micros_sales_raw/mm_em_gc_esm.csv.gz,data-cube-migration,1650971963989298,
storage#object,data-cube-migration/micros_sales_raw/mm_em_gc_esm.csv.gz/1651056671334377,https://www.googleapis.com/storage/v1/b/data-cube-migration/o/micros_sales_raw%2Fmm_em_gc_esm.csv.gz,micros_sales_raw/mm_em_gc_esm.csv.gz,data-cube-migration,1651056671334377,1,text/csv,2022-04-27T10:51:11.420Z,2022-04-27T10:51:11.420Z,STANDARD,2022-04-27T10:51:11.420Z,87085,bQz/ATncqAFr3li/seAQnw==,https://www.googleapis.com/download/storage/v1/b/data-cube-migration/o/micros_sales_raw%2Fmm_em_gc_esm.csv.gz?generation=1651056671334377&alt=media,57xV5w==,COm/mLOJtPcCEAE=,2022-04-27T11:19:26.272525Z,OBJECT_DELETE,projects/_/buckets/data-cube-migration/notificationConfigs/12,JSON_API_V1,1651056671334377,micros_sales_raw/mm_em_gc_esm.csv.gz,data-cube-migration,,
storage#object,data-cube-migration/archive/micros_sales_raw/mm_em_gc_har.csv.gz/1650971971237685,https://www.googleapis.com/storage/v1/b/data-cube-migration/o/archive%2Fmicros_sales_raw%2Fmm_em_gc_har.csv.gz,archive/micros_sales_raw/mm_em_gc_har.csv.gz,data-cube-migration,1650971971237685,1,text/csv,2022-04-26T11:19:31.340Z,2022-04-26T11:19:31.340Z,STANDARD,2022-04-26T11:19:31.340Z,50744,TKYTpU9JreRP91WubUTM8A==,https://www.googleapis.com/download/storage/v1/b/data-cube-migration/o/archive%2Fmicros_sales_raw%2Fmm_em_gc_har.csv.gz?generation=1650971971237685&alt=media,poT7+A==,CLXuhO/NsfcCEAE=,2022-04-27T11:19:33.312637Z,OBJECT_DELETE,projects/_/buckets/data-cube-migration/notificationConfigs/12,JSON_API_V1,1650971971237685,archive/micros_sales_raw/mm_em_gc_har.csv.gz,data-cube-migration,,1651058373211862
storage#object,data-cube-migration/archive/micros_sales_raw/mm_em_gc_har.csv.gz/1651058373211862,https://www.googleapis.com/storage/v1/b/data-cube-migration/o/archive%2Fmicros_sales_raw%2Fmm_em_gc_har.csv.gz,archive/micros_sales_raw/mm_em_gc_har.csv.gz,data-cube-migration,1651058373211862,1,text/csv,2022-04-27T11:19:33.312Z,2022-04-27T11:19:33.312Z,STANDARD,2022-04-27T11:19:33.312Z,50744,jgVZdvYHbjiLl0TfbP/gHw==,https://www.googleapis.com/download/storage/v1/b/data-cube-migration/o/archive%2Fmicros_sales_raw%2Fmm_em_gc_har.csv.gz?generation=1651058373211862&alt=media,PU0dIg==,CNbt2t6PtPcCEAE=,2022-04-27T11:19:33.312637Z,OBJECT_FINALIZE,projects/_/buckets/data-cube-migration/notificationConfigs/12,JSON_API_V1,1651058373211862,archive/micros_sales_raw/mm_em_gc_har.csv.gz,data-cube-migration,1650971971237685,
storage#object,data-cube-migration/micros_sales_raw/mm_em_gc_har.csv.gz/1651056659179643,https://www.googleapis.com/storage/v1/b/data-cube-migration/o/micros_sales_raw%2Fmm_em_gc_har.csv.gz,micros_sales_raw/mm_em_gc_har.csv.gz,data-cube-migration,1651056659179643,1,text/csv,2022-04-27T10:50:59.264Z,2022-04-27T10:50:59.264Z,STANDARD,2022-04-27T10:50:59.264Z,50744,jgVZdvYHbjiLl0TfbP/gHw==,https://www.googleapis.com/download/storage/v1/b/data-cube-migration/o/micros_sales_raw%2Fmm_em_gc_har.csv.gz?generation=1651056659179643&alt=media,PU0dIg==,CPvQsq2JtPcCEAE=,2022-04-27T11:19:33.503869Z,OBJECT_DELETE,projects/_/buckets/data-cube-migration/notificationConfigs/12,JSON_API_V1,1651056659179643,micros_sales_raw/mm_em_gc_har.csv.gz,data-cube-migration,,
storage#object,data-cube-migration/archive/micros_sales_raw/mm_em_gc_kel.csv.gz/1650971976528383,https://www.googleapis.com/storage/v1/b/data-cube-migration/o/archive%2Fmicros_sales_raw%2Fmm_em_gc_kel.csv.gz,archive/micros_sales_raw/mm_em_gc_kel.csv.gz,data-cube-migration,1650971976528383,1,text/csv,2022-04-26T11:19:36.632Z,2022-04-26T11:19:36.632Z,STANDARD,2022-04-26T11:19:36.632Z,64928,LUIiCOmqpuZZJSdkNsGAZA==,https://www.googleapis.com/download/storage/v1/b/data-cube-migration/o/archive%2Fmicros_sales_raw%2Fmm_em_gc_kel.csv.gz?generation=1650971976528383&alt=media,9MrAQQ==,CP/jx/HNsfcCEAE=,2022-04-27T11:19:40.390033Z,OBJECT_DELETE,projects/_/buckets/data-cube-migration/notificationConfigs/12,JSON_API_V1,1650971976528383,archive/micros_sales_raw/mm_em_gc_kel.csv.gz,data-cube-migration,,1651058380268599
storage#object,data-cube-migration/archive/micros_sales_raw/mm_em_gc_lan.csv.gz/1651058388655707,https://www.googleapis.com/storage/v1/b/data-cube-migration/o/archive%2Fmicros_sales_raw%2Fmm_em_gc_lan.csv.gz,archive/micros_sales_raw/mm_em_gc_lan.csv.gz,data-cube-migration,1651058388655707,1,text/csv,2022-04-27T11:19:48.757Z,2022-04-27T11:19:48.757Z,STANDARD,2022-04-27T11:19:48.757Z,41059,KlMyxO2x3Tanj5W5M1HAtg==,https://www.googleapis.com/download/storage/v1/b/data-cube-migration/o/archive%2Fmicros_sales_raw%2Fmm_em_gc_lan.csv.gz?generation=1651058388655707&alt=media,bHovZQ==,CNu8ieaPtPcCEAE=,2022-04-27T11:19:48.757297Z,OBJECT_FINALIZE,projects/_/buckets/data-cube-migration/notificationConfigs/12,JSON_API_V1,1651058388655707,archive/micros_sales_raw/mm_em_gc_lan.csv.gz,data-cube-migration,1650971986165589,
storage#object,data-cube-migration/archive/micros_sales_raw/mm_em_gc_kel.csv.gz/1651058380268599,https://www.googleapis.com/storage/v1/b/data-cube-migration/o/archive%2Fmicros_sales_raw%2Fmm_em_gc_kel.csv.gz,archive/micros_sales_raw/mm_em_gc_kel.csv.gz,data-cube-migration,1651058380268599,1,text/csv,2022-04-27T11:19:40.390Z,2022-04-27T11:19:40.390Z,STANDARD,2022-04-27T11:19:40.390Z,64933,F6KYWFHgAlExa+ciutq9TQ==,https://www.googleapis.com/download/storage/v1/b/data-cube-migration/o/archive%2Fmicros_sales_raw%2Fmm_em_gc_kel.csv.gz?generation=1651058380268599&alt=media,622ybQ==,CLfIieKPtPcCEAE=,2022-04-27T11:19:40.390033Z,OBJECT_FINALIZE,projects/_/buckets/data-cube-migration/notificationConfigs/12,JSON_API_V1,1651058380268599,archive/micros_sales_raw/mm_em_gc_kel.csv.gz,data-cube-migration,1650971976528383,
storage#object,data-cube-migration/micros_sales_raw/mm_em_gc_kel.csv.gz/1651056671614853,https://www.googleapis.com/storage/v1/b/data-cube-migration/o/micros_sales_raw%2Fmm_em_gc_kel.csv.gz,micros_sales_raw/mm_em_gc_kel.csv.gz,data-cube-migration,1651056671614853,1,text/csv,2022-04-27T10:51:11.700Z,2022-04-27T10:51:11.700Z,STANDARD,2022-04-27T10:51:11.700Z,64933,F6KYWFHgAlExa+ciutq9TQ==,https://www.googleapis.com/download/storage/v1/b/data-cube-migration/o/micros_sales_raw%2Fmm_em_gc_kel.csv.gz?generation=1651056671614853&alt=media,622ybQ==,CIXPqbOJtPcCEAE=,2022-04-27T11:19:40.572466Z,OBJECT_DELETE,projects/_/buckets/data-cube-migration/notificationConfigs/12,JSON_API_V1,1651056671614853,micros_sales_raw/mm_em_gc_kel.csv.gz,data-cube-migration,,
storage#object,data-cube-migration/archive/micros_sales_raw/mm_em_gc_lan.csv.gz/1650971986165589,https://www.googleapis.com/storage/v1/b/data-cube-migration/o/archive%2Fmicros_sales_raw%2Fmm_em_gc_lan.csv.gz,archive/micros_sales_raw/mm_em_gc_lan.csv.gz,data-cube-migration,1650971986165589,1,text/csv,2022-04-26T11:19:46.266Z,2022-04-26T11:19:46.266Z,STANDARD,2022-04-26T11:19:46.266Z,41059,TLFjKbzjzJkq/Mkay9WY8g==,https://www.googleapis.com/download/storage/v1/b/data-cube-migration/o/archive%2Fmicros_sales_raw%2Fmm_em_gc_lan.csv.gz?generation=1650971986165589&alt=media,SwffoA==,CNX+k/bNsfcCEAE=,2022-04-27T11:19:48.757297Z,OBJECT_DELETE,projects/_/buckets/data-cube-migration/notificationConfigs/12,JSON_API_V1,1650971986165589,archive/micros_sales_raw/mm_em_gc_lan.csv.gz,data-cube-migration,,1651058388655707
storage#object,data-cube-migration/micros_sales_raw/mm_em_gc_lan.csv.gz/1651056659466848,https://www.googleapis.com/storage/v1/b/data-cube-migration/o/micros_sales_raw%2Fmm_em_gc_lan.csv.gz,micros_sales_raw/mm_em_gc_lan.csv.gz,data-cube-migration,1651056659466848,1,text/csv,2022-04-27T10:50:59.554Z,2022-04-27T10:50:59.554Z,STANDARD,2022-04-27T10:50:59.554Z,41059,KlMyxO2x3Tanj5W5M1HAtg==,https://www.googleapis.com/download/storage/v1/b/data-cube-migration/o/micros_sales_raw%2Fmm_em_gc_lan.csv.gz?generation=1651056659466848&alt=media,bHovZQ==,COCUxK2JtPcCEAE=,2022-04-27T11:19:48.953078Z,OBJECT_DELETE,projects/_/buckets/data-cube-migration/notificationConfigs/12,JSON_API_V1,1651056659466848,micros_sales_raw/mm_em_gc_lan.csv.gz,data-cube-migration,,
storage#object,data-cube-migration/archive/micros_sales_raw/mm_em_gc_mil.csv.gz/1650971991485763,https://www.googleapis.com/storage/v1/b/data-cube-migration/o/archive%2Fmicros_sales_raw%2Fmm_em_gc_mil.csv.gz,archive/micros_sales_raw/mm_em_gc_mil.csv.gz,data-cube-migration,1650971991485763,1,text/csv,2022-04-26T11:19:51.587Z,2022-04-26T11:19:51.587Z,STANDARD,2022-04-26T11:19:51.587Z,69329,9VciXYVz+am029m9j4qVnA==,https://www.googleapis.com/download/storage/v1/b/data-cube-migration/o/archive%2Fmicros_sales_raw%2Fmm_em_gc_mil.csv.gz?generation=1650971991485763&alt=media,+ddQuA==,CMPa2PjNsfcCEAE=,2022-04-27T11:19:54.579019Z,OBJECT_DELETE,projects/_/buckets/data-cube-migration/notificationConfigs/12,JSON_API_V1,1650971991485763,archive/micros_sales_raw/mm_em_gc_mil.csv.gz,data-cube-migration,,1651058394478734
storage#object,data-cube-migration/archive/micros_sales_raw/mm_em_gc_mil.csv.gz/1651058394478734,https://www.googleapis.com/storage/v1/b/data-cube-migration/o/archive%2Fmicros_sales_raw%2Fmm_em_gc_mil.csv.gz,archive/micros_sales_raw/mm_em_gc_mil.csv.gz,data-cube-migration,1651058394478734,1,text/csv,2022-04-27T11:19:54.579Z,2022-04-27T11:19:54.579Z,STANDARD,2022-04-27T11:19:54.579Z,69329,qzBAnvW0r5lgWkzPtLi51g==,https://www.googleapis.com/download/storage/v1/b/data-cube-migration/o/archive%2Fmicros_sales_raw%2Fmm_em_gc_mil.csv.gz?generation=1651058394478734&alt=media,hNsV3A==,CI7x7OiPtPcCEAE=,2022-04-27T11:19:54.579019Z,OBJECT_FINALIZE,projects/_/buckets/data-cube-migration/notificationConfigs/12,JSON_API_V1,1651058394478734,archive/micros_sales_raw/mm_em_gc_mil.csv.gz,data-cube-migration,1650971991485763,
storage#object,data-cube-migration/micros_sales_raw/mm_em_gc_mil.csv.gz/1651056671948571,https://www.googleapis.com/storage/v1/b/data-cube-migration/o/micros_sales_raw%2Fmm_em_gc_mil.csv.gz,micros_sales_raw/mm_em_gc_mil.csv.gz,data-cube-migration,1651056671948571,1,text/csv,2022-04-27T10:51:12.037Z,2022-04-27T10:51:12.037Z,STANDARD,2022-04-27T10:51:12.037Z,69329,qzBAnvW0r5lgWkzPtLi51g==,https://www.googleapis.com/download/storage/v1/b/data-cube-migration/o/micros_sales_raw%2Fmm_em_gc_mil.csv.gz?generation=1651056671948571&alt=media,hNsV3A==,CJv+vbOJtPcCEAE=,2022-04-27T11:19:54.778112Z,OBJECT_DELETE,projects/_/buckets/data-cube-migration/notificationConfigs/12,JSON_API_V1,1651056671948571,micros_sales_raw/mm_em_gc_mil.csv.gz,data-cube-migration,,
storage#object,data-cube-migration/archive/micros_sales_raw/mm_em_gc_mon.csv.gz/1651058401669107,https://www.googleapis.com/storage/v1/b/data-cube-migration/o/archive%2Fmicros_sales_raw%2Fmm_em_gc_mon.csv.gz,archive/micros_sales_raw/mm_em_gc_mon.csv.gz,data-cube-migration,1651058401669107,1,text/csv,2022-04-27T11:20:01.771Z,2022-04-27T11:20:01.771Z,STANDARD,2022-04-27T11:20:01.771Z,76376,mt6vG1P6HHoUr3Bj1yOZ5Q==,https://www.googleapis.com/download/storage/v1/b/data-cube-migration/o/archive%2Fmicros_sales_raw%2Fmm_em_gc_mon.csv.gz?generation=1651058401669107&alt=media,dqpjPg==,CPPfo+yPtPcCEAE=,2022-04-27T11:20:01.771012Z,OBJECT_FINALIZE,projects/_/buckets/data-cube-migration/notificationConfigs/12,JSON_API_V1,1651058401669107,archive/micros_sales_raw/mm_em_gc_mon.csv.gz,data-cube-migration,1650971998800206,
storage#object,data-cube-migration/archive/micros_sales_raw/mm_em_gc_mon.csv.gz/1650971998800206,https://www.googleapis.com/storage/v1/b/data-cube-migration/o/archive%2Fmicros_sales_raw%2Fmm_em_gc_mon.csv.gz,archive/micros_sales_raw/mm_em_gc_mon.csv.gz,data-cube-migration,1650971998800206,1,text/csv,2022-04-26T11:19:58.902Z,2022-04-26T11:19:58.902Z,STANDARD,2022-04-26T11:19:58.902Z,76363,vudGTIl1aJ4CQj8yOduqLw==,https://www.googleapis.com/download/storage/v1/b/data-cube-migration/o/archive%2Fmicros_sales_raw%2Fmm_em_gc_mon.csv.gz?generation=1650971998800206&alt=media,DZA0Xg==,CM6Sl/zNsfcCEAE=,2022-04-27T11:20:01.771012Z,OBJECT_DELETE,projects/_/buckets/data-cube-migration/notificationConfigs/12,JSON_API_V1,1650971998800206,archive/micros_sales_raw/mm_em_gc_mon.csv.gz,data-cube-migration,,1651058401669107
storage#object,data-cube-migration/micros_sales_raw/mm_em_gc_mon.csv.gz/1651056672299638,https://www.googleapis.com/storage/v1/b/data-cube-migration/o/micros_sales_raw%2Fmm_em_gc_mon.csv.gz,micros_sales_raw/mm_em_gc_mon.csv.gz,data-cube-migration,1651056672299638,1,text/csv,2022-04-27T10:51:12.387Z,2022-04-27T10:51:12.387Z,STANDARD,2022-04-27T10:51:12.387Z,76376,mt6vG1P6HHoUr3Bj1yOZ5Q==,https://www.googleapis.com/download/storage/v1/b/data-cube-migration/o/micros_sales_raw%2Fmm_em_gc_mon.csv.gz?generation=1651056672299638&alt=media,dqpjPg==,CPa007OJtPcCEAE=,2022-04-27T11:20:01.975761Z,OBJECT_DELETE,projects/_/buckets/data-cube-migration/notificationConfigs/12,JSON_API_V1,1651056672299638,micros_sales_raw/mm_em_gc_mon.csv.gz,data-cube-migration,,
storage#object,data-cube-migration/micros_sales_raw/mm_em_gc_pub.csv.gz/1651056672619106,https://www.googleapis.com/storage/v1/b/data-cube-migration/o/micros_sales_raw%2Fmm_em_gc_pub.csv.gz,micros_sales_raw/mm_em_gc_pub.csv.gz,data-cube-migration,1651056672619106,1,text/csv,2022-04-27T10:51:12.707Z,2022-04-27T10:51:12.707Z,STANDARD,2022-04-27T10:51:12.707Z,59094,jgJrRfanzX3hOF4lpkIEtg==,https://www.googleapis.com/download/storage/v1/b/data-cube-migration/o/micros_sales_raw%2Fmm_em_gc_pub.csv.gz?generation=1651056672619106&alt=media,bF/EqA==,COL05rOJtPcCEAE=,2022-04-27T11:20:07.188715Z,OBJECT_DELETE,projects/_/buckets/data-cube-migration/notificationConfigs/12,JSON_API_V1,1651056672619106,micros_sales_raw/mm_em_gc_pub.csv.gz,data-cube-migration,,
storage#object,data-cube-migration/archive/micros_sales_raw/mm_em_gc_pub.csv.gz/1650972006686063,https://www.googleapis.com/storage/v1/b/data-cube-migration/o/archive%2Fmicros_sales_raw%2Fmm_em_gc_pub.csv.gz,archive/micros_sales_raw/mm_em_gc_pub.csv.gz,data-cube-migration,1650972006686063,1,text/csv,2022-04-26T11:20:06.786Z,2022-04-26T11:20:06.786Z,STANDARD,2022-04-26T11:20:06.786Z,59094,qGSOinv+JhuP1NN5VdN3Tw==,https://www.googleapis.com/download/storage/v1/b/data-cube-migration/o/archive%2Fmicros_sales_raw%2Fmm_em_gc_pub.csv.gz?generation=1650972006686063&alt=media,54aWEQ==,CO+6+P/NsfcCEAE=,2022-04-27T11:20:06.994061Z,OBJECT_DELETE,projects/_/buckets/data-cube-migration/notificationConfigs/12,JSON_API_V1,1650972006686063,archive/micros_sales_raw/mm_em_gc_pub.csv.gz,data-cube-migration,,1651058406892915
storage#object,data-cube-migration/archive/micros_sales_raw/mm_em_gc_pub.csv.gz/1651058406892915,https://www.googleapis.com/storage/v1/b/data-cube-migration/o/archive%2Fmicros_sales_raw%2Fmm_em_gc_pub.csv.gz,archive/micros_sales_raw/mm_em_gc_pub.csv.gz,data-cube-migration,1651058406892915,1,text/csv,2022-04-27T11:20:06.994Z,2022-04-27T11:20:06.994Z,STANDARD,2022-04-27T11:20:06.994Z,59094,jgJrRfanzX3hOF4lpkIEtg==,https://www.googleapis.com/download/storage/v1/b/data-cube-migration/o/archive%2Fmicros_sales_raw%2Fmm_em_gc_pub.csv.gz?generation=1651058406892915&alt=media,bF/EqA==,CPPK4u6PtPcCEAE=,2022-04-27T11:20:06.994061Z,OBJECT_FINALIZE,projects/_/buckets/data-cube-migration/notificationConfigs/12,JSON_API_V1,1651058406892915,archive/micros_sales_raw/mm_em_gc_pub.csv.gz,data-cube-migration,1650972006686063,
storage#object,data-cube-migration/archive/micros_sales_raw/mm_em_gc_swi.csv.gz/1650972013073877,https://www.googleapis.com/storage/v1/b/data-cube-migration/o/archive%2Fmicros_sales_raw%2Fmm_em_gc_swi.csv.gz,archive/micros_sales_raw/mm_em_gc_swi.csv.gz,data-cube-migration,1650972013073877,1,text/csv,2022-04-26T11:20:13.170Z,2022-04-26T11:20:13.170Z,STANDARD,2022-04-26T11:20:13.170Z,93971,ITIQ9zZataNtvE/3/9z5Mg==,https://www.googleapis.com/download/storage/v1/b/data-cube-migration/o/archive%2Fmicros_sales_raw%2Fmm_em_gc_swi.csv.gz?generation=1650972013073877&alt=media,b2fehg==,CNWr/oLOsfcCEAE=,2022-04-27T11:20:13.798551Z,OBJECT_DELETE,projects/_/buckets/data-cube-migration/notificationConfigs/12,JSON_API_V1,1650972013073877,archive/micros_sales_raw/mm_em_gc_swi.csv.gz,data-cube-migration,,1651058413693683
