kind,id,selfLink,name,bucket,generation,metageneration,contentType,timeCreated,updated,storageClass,timeStorageClassUpdated,size,md5Hash,mediaLink,crc32c,etag,objectGeneration,eventType,overwrittenByGeneration,payloadFormat,objectId,notificationConfig,eventTime,bucketId,overwroteGeneration
storage#object,data-cube-migration/errors/em_har_cond_grp_sel_def.csv.gz/1651228249625320,https://www.googleapis.com/storage/v1/b/data-cube-migration/o/errors%2Fem_har_cond_grp_sel_def.csv.gz,errors/em_har_cond_grp_sel_def.csv.gz,data-cube-migration,1651228249625320,1,text/csv,2022-04-29T10:30:49.723Z,2022-04-29T10:30:49.723Z,STANDARD,2022-04-29T10:30:49.723Z,4332,ajeNMGMONhcfe2VbyIBCXg==,https://www.googleapis.com/download/storage/v1/b/data-cube-migration/o/errors%2Fem_har_cond_grp_sel_def.csv.gz?generation=1651228249625320&alt=media,dqK4RA==,COiljMqIufcCEAE=,1651228249625320,OBJECT_DELETE,1651314649255570,JSON_API_V1,errors/em_har_cond_grp_sel_def.csv.gz,projects/_/buckets/data-cube-migration/notificationConfigs/12,2022-04-30T10:30:49.353708Z,data-cube-migration,
storage#object,data-cube-migration/rms_labour_raw/rm_f_fcst_result_bu_min_day_wh_2022032220220328.csv.gz/1648551028535207,https://www.googleapis.com/storage/v1/b/data-cube-migration/o/rms_labour_raw%2Frm_f_fcst_result_bu_min_day_wh_2022032220220328.csv.gz,rms_labour_raw/rm_f_fcst_result_bu_min_day_wh_2022032220220328.csv.gz,data-cube-migration,1648551028535207,2,text/csv,2022-03-29T10:50:28.565Z,2022-04-28T23:23:40.386Z,NEARLINE,2022-04-28T23:23:40.386Z,43448517,u3vGzcJD0YD0q9SMI7DXaw==,https://www.googleapis.com/download/storage/v1/b/data-cube-migration/o/rms_labour_raw%2Frm_f_fcst_result_bu_min_day_wh_2022032220220328.csv.gz?generation=1648551028535207&alt=media,uYOi6Q==,CKffzJOT6/YCEAI=,1648551028535207,OBJECT_METADATA_UPDATE,,JSON_API_V1,rms_labour_raw/rm_f_fcst_result_bu_min_day_wh_2022032220220328.csv.gz,projects/_/buckets/data-cube-migration/notificationConfigs/12,2022-04-28T23:23:40.386980Z,data-cube-migration,
storage#object,data-cube-migration/rms_labour_raw/rm_recipe_item.csv.gz/1651315869481532,https://www.googleapis.com/storage/v1/b/data-cube-migration/o/rms_labour_raw%2Frm_recipe_item.csv.gz,rms_labour_raw/rm_recipe_item.csv.gz,data-cube-migration,1651315869481532,1,text/csv,2022-04-30T10:51:09.581Z,2022-04-30T10:51:09.581Z,STANDARD,2022-04-30T10:51:09.581Z,39282,rVKDyVBFYVsCX4Q5anZnbQ==,https://www.googleapis.com/download/storage/v1/b/data-cube-migration/o/rms_labour_raw%2Frm_recipe_item.csv.gz?generation=1651315869481532&alt=media,sAxZmw==,CLz0v/7Ou/cCEAE=,1651315869481532,OBJECT_FINALIZE,,JSON_API_V1,rms_labour_raw/rm_recipe_item.csv.gz,projects/_/buckets/data-cube-migration/notificationConfigs/12,2022-04-30T10:51:09.581193Z,data-cube-migration,1651229468970299
storage#object,data-cube-migration/1909/n9_check_service_charge_details_csvc_2022012320220129.csv.gz/1643542205655076,https://www.googleapis.com/storage/v1/b/data-cube-migration/o/1909%2Fn9_check_service_charge_details_csvc_2022012320220129.csv.gz,1909/n9_check_service_charge_details_csvc_2022012320220129.csv.gz,data-cube-migration,1643542205655076,3,text/csv,2022-01-30T11:30:05.674Z,2022-04-30T21:22:31.207Z,COLDLINE,2022-04-30T21:22:31.207Z,78,1/qiidK32mbVeY4PeL10vA==,https://www.googleapis.com/download/storage/v1/b/data-cube-migration/o/1909%2Fn9_check_service_charge_details_csvc_2022012320220129.csv.gz?generation=1643542205655076&alt=media,QVaiUg==,CKTQ3eqv2fUCEAM=,1643542205655076,OBJECT_METADATA_UPDATE,,JSON_API_V1,1909/n9_check_service_charge_details_csvc_2022012320220129.csv.gz,projects/_/buckets/data-cube-migration/notificationConfigs/12,2022-04-30T21:22:31.207734Z,data-cube-migration,
storage#object,data-cube-migration/archive/burger_priest_sales_raw/bp_viv_sales_2022032220220328.csv.gz/1648560630674089,https://www.googleapis.com/storage/v1/b/data-cube-migration/o/archive%2Fburger_priest_sales_raw%2Fbp_viv_sales_2022032220220328.csv.gz,archive/burger_priest_sales_raw/bp_viv_sales_2022032220220328.csv.gz,data-cube-migration,1648560630674089,2,text/csv,2022-03-29T13:30:30.704Z,2022-04-28T23:23:05.980Z,NEARLINE,2022-04-28T23:23:05.980Z,54,y6ZGdqOR/46JTzm2+kCL5Q==,https://www.googleapis.com/download/storage/v1/b/data-cube-migration/o/archive%2Fburger_priest_sales_raw%2Fbp_viv_sales_2022032220220328.csv.gz?generation=1648560630674089&alt=media,mXmhiw==,CKnloPa26/YCEAI=,1648560630674089,OBJECT_METADATA_UPDATE,,JSON_API_V1,archive/burger_priest_sales_raw/bp_viv_sales_2022032220220328.csv.gz,projects/_/buckets/data-cube-migration/notificationConfigs/12,2022-04-28T23:23:05.980924Z,data-cube-migration,
storage#object,data-cube-migration/archive/micros_sales_raw/mm_guest_check_line_item_hist_2022012520220126.csv.gz/1643372700310584,https://www.googleapis.com/storage/v1/b/data-cube-migration/o/archive%2Fmicros_sales_raw%2Fmm_guest_check_line_item_hist_2022012520220126.csv.gz,archive/micros_sales_raw/mm_guest_check_line_item_hist_2022012520220126.csv.gz,data-cube-migration,1643372700310584,3,text/csv,2022-01-28T12:25:00.331Z,2022-04-28T23:23:10.410Z,COLDLINE,2022-04-28T23:23:10.410Z,88452517,zgQxIc5lSQ3I0xRWQn7eJA==,https://www.googleapis.com/download/storage/v1/b/data-cube-migration/o/archive%2Fmicros_sales_raw%2Fmm_guest_check_line_item_hist_2022012520220126.csv.gz?generation=1643372700310584&alt=media,FALAKA==,CLi4pLC41PUCEAM=,1643372700310584,OBJECT_METADATA_UPDATE,,JSON_API_V1,archive/micros_sales_raw/mm_guest_check_line_item_hist_2022012520220126.csv.gz,projects/_/buckets/data-cube-migration/notificationConfigs/12,2022-04-28T23:23:10.410093Z,data-cube-migration,
storage#object,data-cube-migration/archive/pickle_barrel_sales_raw/pb_check_detail_2022032220220328.csv.gz/1648560637403932,https://www.googleapis.com/storage/v1/b/data-cube-migration/o/archive%2Fpickle_barrel_sales_raw%2Fpb_check_detail_2022032220220328.csv.gz,archive/pickle_barrel_sales_raw/pb_check_detail_2022032220220328.csv.gz,data-cube-migration,1648560637403932,2,text/csv,2022-03-29T13:30:37.433Z,2022-04-28T23:23:21.050Z,NEARLINE,2022-04-28T23:23:21.050Z,2166680,ApX9GUC9iN24D6nfgknmDQ==,https://www.googleapis.com/download/storage/v1/b/data-cube-migration/o/archive%2Fpickle_barrel_sales_raw%2Fpb_check_detail_2022032220220328.csv.gz?generation=1648560637403932&alt=media,NlXfIg==,CJzGu/m26/YCEAI=,1648560637403932,OBJECT_METADATA_UPDATE,,JSON_API_V1,archive/pickle_barrel_sales_raw/pb_check_detail_2022032220220328.csv.gz,projects/_/buckets/data-cube-migration/notificationConfigs/12,2022-04-28T23:23:21.050734Z,data-cube-migration,
storage#object,data-cube-migration/rms_labour_raw/rm_f_gen_labor_requirements_ideal_min_bu_day_2021123120220127.csv.gz/1643370627477948,https://www.googleapis.com/storage/v1/b/data-cube-migration/o/rms_labour_raw%2Frm_f_gen_labor_requirements_ideal_min_bu_day_2021123120220127.csv.gz,rms_labour_raw/rm_f_gen_labor_requirements_ideal_min_bu_day_2021123120220127.csv.gz,data-cube-migration,1643370627477948,3,text/csv,2022-01-28T11:50:27.498Z,2022-04-28T23:23:41.296Z,COLDLINE,2022-04-28T23:23:41.296Z,21269375,0R2lnAEJI0Ls8Xz1962Lmw==,https://www.googleapis.com/download/storage/v1/b/data-cube-migration/o/rms_labour_raw%2Frm_f_gen_labor_requirements_ideal_min_bu_day_2021123120220127.csv.gz?generation=1643370627477948&alt=media,HZK3qA==,CLzj8NOw1PUCEAM=,1643370627477948,OBJECT_METADATA_UPDATE,,JSON_API_V1,rms_labour_raw/rm_f_gen_labor_requirements_ideal_min_bu_day_2021123120220127.csv.gz,projects/_/buckets/data-cube-migration/notificationConfigs/12,2022-04-28T23:23:41.296490Z,data-cube-migration,
storage#object,data-cube-migration/rms_labour_raw/rm_f_gen_labor_sched_empl_role_bu_day_wh_2022012120220127.csv.gz/1643370627785921,https://www.googleapis.com/storage/v1/b/data-cube-migration/o/rms_labour_raw%2Frm_f_gen_labor_sched_empl_role_bu_day_wh_2022012120220127.csv.gz,rms_labour_raw/rm_f_gen_labor_sched_empl_role_bu_day_wh_2022012120220127.csv.gz,data-cube-migration,1643370627785921,3,text/csv,2022-01-28T11:50:27.806Z,2022-04-28T23:23:41.296Z,COLDLINE,2022-04-28T23:23:41.296Z,198057,bhx9kMKSleDd9BCpU0rCSg==,https://www.googleapis.com/download/storage/v1/b/data-cube-migration/o/rms_labour_raw%2Frm_f_gen_labor_sched_empl_role_bu_day_wh_2022012120220127.csv.gz?generation=1643370627785921&alt=media,dW5t8g==,CMHJg9Sw1PUCEAM=,1643370627785921,OBJECT_METADATA_UPDATE,,JSON_API_V1,rms_labour_raw/rm_f_gen_labor_sched_empl_role_bu_day_wh_2022012120220127.csv.gz,projects/_/buckets/data-cube-migration/notificationConfigs/12,2022-04-28T23:23:41.296490Z,data-cube-migration,
storage#object,data-cube-migration/rms_labour_raw/rm_f_gen_metric_min_bu_day_wh_2022032220220328.csv.gz/1648551039661847,https://www.googleapis.com/storage/v1/b/data-cube-migration/o/rms_labour_raw%2Frm_f_gen_metric_min_bu_day_wh_2022032220220328.csv.gz,rms_labour_raw/rm_f_gen_metric_min_bu_day_wh_2022032220220328.csv.gz,data-cube-migration,1648551039661847,2,text/csv,2022-03-29T10:50:39.692Z,2022-04-28T23:23:41.994Z,NEARLINE,2022-04-28T23:23:41.994Z,12118188,mHnxaSFypHDi3IbHJX7zvg==,https://www.googleapis.com/download/storage/v1/b/data-cube-migration/o/rms_labour_raw%2Frm_f_gen_metric_min_bu_day_wh_2022032220220328.csv.gz?generation=1648551039661847&alt=media,kzIeEg==,CJfu85iT6/YCEAI=,1648551039661847,OBJECT_METADATA_UPDATE,,JSON_API_V1,rms_labour_raw/rm_f_gen_metric_min_bu_day_wh_2022032220220328.csv.gz,projects/_/buckets/data-cube-migration/notificationConfigs/12,2022-04-28T23:23:41.994905Z,data-cube-migration,
storage#object,data-cube-migration/archive/micros_sales_raw/mm_em_pub.csv.gz/1651144718435594,https://www.googleapis.com/storage/v1/b/data-cube-migration/o/archive%2Fmicros_sales_raw%2Fmm_em_pub.csv.gz,archive/micros_sales_raw/mm_em_pub.csv.gz,data-cube-migration,1651144718435594,1,text/csv,2022-04-28T11:18:38.552Z,2022-04-28T11:18:38.552Z,STANDARD,2022-04-28T11:18:38.552Z,82565,5pg2NhldCcyiSro9F78jLQ==,https://www.googleapis.com/download/storage/v1/b/data-cube-migration/o/archive%2Fmicros_sales_raw%2Fmm_em_pub.csv.gz?generation=1651144718435594&alt=media,XbgqRw==,CIqKqbPRtvcCEAE=,1651144718435594,OBJECT_FINALIZE,,JSON_API_V1,archive/micros_sales_raw/mm_em_pub.csv.gz,projects/_/buckets/data-cube-migration/notificationConfigs/12,2022-04-28T11:18:38.552360Z,data-cube-migration,1651058316520424
storage#object,data-cube-migration/micros_sales_raw/mm_em_pub.csv.gz/1651143072551267,https://www.googleapis.com/storage/v1/b/data-cube-migration/o/micros_sales_raw%2Fmm_em_pub.csv.gz,micros_sales_raw/mm_em_pub.csv.gz,data-cube-migration,1651143072551267,1,text/csv,2022-04-28T10:51:12.639Z,2022-04-28T10:51:12.639Z,STANDARD,2022-04-28T10:51:12.639Z,82565,5pg2NhldCcyiSro9F78jLQ==,https://www.googleapis.com/download/storage/v1/b/data-cube-migration/o/micros_sales_raw%2Fmm_em_pub.csv.gz?generation=1651143072551267&alt=media,XbgqRw==,COOiwKLLtvcCEAE=,1651143072551267,OBJECT_DELETE,,JSON_API_V1,micros_sales_raw/mm_em_pub.csv.gz,projects/_/buckets/data-cube-migration/notificationConfigs/12,2022-04-28T11:18:38.756455Z,data-cube-migration,
storage#object,data-cube-migration/archive/micros_sales_raw/mm_em_swi.csv.gz/1651058324126521,https://www.googleapis.com/storage/v1/b/data-cube-migration/o/archive%2Fmicros_sales_raw%2Fmm_em_swi.csv.gz,archive/micros_sales_raw/mm_em_swi.csv.gz,data-cube-migration,1651058324126521,1,text/csv,2022-04-27T11:18:44.229Z,2022-04-27T11:18:44.229Z,STANDARD,2022-04-27T11:18:44.229Z,859063,mCWRkAVJHEjB0WuGaik+8w==,https://www.googleapis.com/download/storage/v1/b/data-cube-migration/o/archive%2Fmicros_sales_raw%2Fmm_em_swi.csv.gz?generation=1651058324126521&alt=media,lEjqvA==,CLn2psePtPcCEAE=,1651058324126521,OBJECT_DELETE,1651144730336533,JSON_API_V1,archive/micros_sales_raw/mm_em_swi.csv.gz,projects/_/buckets/data-cube-migration/notificationConfigs/12,2022-04-28T11:18:50.432334Z,data-cube-migration,
storage#object,data-cube-migration/archive/micros_sales_raw/mm_em_swi.csv.gz/1651144730336533,https://www.googleapis.com/storage/v1/b/data-cube-migration/o/archive%2Fmicros_sales_raw%2Fmm_em_swi.csv.gz,archive/micros_sales_raw/mm_em_swi.csv.gz,data-cube-migration,1651144730336533,1,text/csv,2022-04-28T11:18:50.432Z,2022-04-28T11:18:50.432Z,STANDARD,2022-04-28T11:18:50.432Z,859172,aCBbUUjLMGDlhNgMjPhKEw==,https://www.googleapis.com/download/storage/v1/b/data-cube-migration/o/archive%2Fmicros_sales_raw%2Fmm_em_swi.csv.gz?generation=1651144730336533&alt=media,vgtI9Q==,CJW6/7jRtvcCEAE=,1651144730336533,OBJECT_FINALIZE,,JSON_API_V1,archive/micros_sales_raw/mm_em_swi.csv.gz,projects/_/buckets/data-cube-migration/notificationConfigs/12,2022-04-28T11:18:50.432334Z,data-cube-migration,1651058324126521
storage#object,data-cube-migration/micros_sales_raw/mm_em_swi.csv.gz/1651143060391766,https://www.googleapis.com/storage/v1/b/data-cube-migration/o/micros_sales_raw%2Fmm_em_swi.csv.gz,micros_sales_raw/mm_em_swi.csv.gz,data-cube-migration,1651143060391766,1,text/csv,2022-04-28T10:51:00.481Z,2022-04-28T10:51:00.481Z,STANDARD,2022-04-28T10:51:00.481Z,859172,aCBbUUjLMGDlhNgMjPhKEw==,https://www.googleapis.com/download/storage/v1/b/data-cube-migration/o/micros_sales_raw%2Fmm_em_swi.csv.gz?generation=1651143060391766&alt=media,vgtI9Q==,CNaO2pzLtvcCEAE=,1651143060391766,OBJECT_DELETE,,JSON_API_V1,micros_sales_raw/mm_em_swi.csv.gz,projects/_/buckets/data-cube-migration/notificationConfigs/12,2022-04-28T11:18:50.637068Z,data-cube-migration,
storage#object,data-cube-migration/vmax_raw/vx_customer.csv.gz/1651144594823319,https://www.googleapis.com/storage/v1/b/data-cube-migration/o/vmax_raw%2Fvx_customer.csv.gz,vmax_raw/vx_customer.csv.gz,data-cube-migration,1651144594823319,1,text/csv,2022-04-28T11:16:34.907Z,2022-04-28T11:16:34.907Z,STANDARD,2022-04-28T11:16:34.907Z,5727002,mC2Wjl4Z1y7ndhVQRmNhTw==,https://www.googleapis.com/download/storage/v1/b/data-cube-migration/o/vmax_raw%2Fvx_customer.csv.gz?generation=1651144594823319&alt=media,NraXzA==,CJexsPjQtvcCEAE=,1651144594823319,OBJECT_DELETE,,JSON_API_V1,vmax_raw/vx_customer.csv.gz,projects/_/buckets/data-cube-migration/notificationConfigs/12,2022-04-28T11:19:01.584929Z,data-cube-migration,
storage#object,data-cube-migration/archive/vmax_raw/vx_customer.csv.gz/1651144563674967,https://www.googleapis.com/storage/v1/b/data-cube-migration/o/archive%2Fvmax_raw%2Fvx_customer.csv.gz,archive/vmax_raw/vx_customer.csv.gz,data-cube-migration,1651144563674967,1,text/csv,2022-04-28T11:16:03.776Z,2022-04-28T11:16:03.776Z,STANDARD,2022-04-28T11:16:03.776Z,1142335,WeRzH/cG/huDg7aLUicNeg==,https://www.googleapis.com/download/storage/v1/b/data-cube-migration/o/archive%2Fvmax_raw%2Fvx_customer.csv.gz?generation=1651144563674967&alt=media,rAgPmg==,CNeew+nQtvcCEAE=,1651144563674967,OBJECT_DELETE,1651144741287450,JSON_API_V1,archive/vmax_raw/vx_customer.csv.gz,projects/_/buckets/data-cube-migration/notificationConfigs/12,2022-04-28T11:19:01.390651Z,data-cube-migration,
storage#object,data-cube-migration/archive/vmax_raw/vx_customer.csv.gz/1651144741287450,https://www.googleapis.com/storage/v1/b/data-cube-migration/o/archive%2Fvmax_raw%2Fvx_customer.csv.gz,archive/vmax_raw/vx_customer.csv.gz,data-cube-migration,1651144741287450,1,text/csv,2022-04-28T11:19:01.390Z,2022-04-28T11:19:01.390Z,STANDARD,2022-04-28T11:19:01.390Z,5727002,mC2Wjl4Z1y7ndhVQRmNhTw==,https://www.googleapis.com/download/storage/v1/b/data-cube-migration/o/archive%2Fvmax_raw%2Fvx_customer.csv.gz?generation=1651144741287450&alt=media,NraXzA==,CJrsm77RtvcCEAE=,1651144741287450,OBJECT_FINALIZE,,JSON_API_V1,archive/vmax_raw/vx_customer.csv.gz,projects/_/buckets/data-cube-migration/notificationConfigs/12,2022-04-28T11:19:01.390651Z,data-cube-migration,1651144563674967
storage#object,data-cube-migration/archive/micros_sales_raw/mm_em_gc_bmt.csv.gz/1651058353160331,https://www.googleapis.com/storage/v1/b/data-cube-migration/o/archive%2Fmicros_sales_raw%2Fmm_em_gc_bmt.csv.gz,archive/micros_sales_raw/mm_em_gc_bmt.csv.gz,data-cube-migration,1651058353160331,1,text/csv,2022-04-27T11:19:13.261Z,2022-04-27T11:19:13.261Z,STANDARD,2022-04-27T11:19:13.261Z,52249,O/uIq3UTV1mY3HeqI4u66A==,https://www.googleapis.com/download/storage/v1/b/data-cube-migration/o/archive%2Fmicros_sales_raw%2Fmm_em_gc_bmt.csv.gz?generation=1651058353160331&alt=media,yvRhcQ==,CIuBk9WPtPcCEAE=,1651058353160331,OBJECT_DELETE,1651144759323619,JSON_API_V1,archive/micros_sales_raw/mm_em_gc_bmt.csv.gz,projects/_/buckets/data-cube-migration/notificationConfigs/12,2022-04-28T11:19:19.424092Z,data-cube-migration,
storage#object,data-cube-migration/archive/micros_sales_raw/mm_em_gc_bmt.csv.gz/1651144759323619,https://www.googleapis.com/storage/v1/b/data-cube-migration/o/archive%2Fmicros_sales_raw%2Fmm_em_gc_bmt.csv.gz,archive/micros_sales_raw/mm_em_gc_bmt.csv.gz,data-cube-migration,1651144759323619,1,text/csv,2022-04-28T11:19:19.424Z,2022-04-28T11:19:19.424Z,STANDARD,2022-04-28T11:19:19.424Z,52249,NgLZqDmISjZ9g2sEyzqAeA==,https://www.googleapis.com/download/storage/v1/b/data-cube-migration/o/archive%2Fmicros_sales_raw%2Fmm_em_gc_bmt.csv.gz?generation=1651144759323619&alt=media,Qt6dPg==,COPX6MbRtvcCEAE=,1651144759323619,OBJECT_FINALIZE,,JSON_API_V1,archive/micros_sales_raw/mm_em_gc_bmt.csv.gz,projects/_/buckets/data-cube-migration/notificationConfigs/12,2022-04-28T11:19:19.424092Z,data-cube-migration,1651058353160331
storage#object,data-cube-migration/micros_sales_raw/mm_em_gc_bmt.csv.gz/1651143070263720,https://www.googleapis.com/storage/v1/b/data-cube-migration/o/micros_sales_raw%2Fmm_em_gc_bmt.csv.gz,micros_sales_raw/mm_em_gc_bmt.csv.gz,data-cube-migration,1651143070263720,1,text/csv,2022-04-28T10:51:10.347Z,2022-04-28T10:51:10.347Z,STANDARD,2022-04-28T10:51:10.347Z,52249,NgLZqDmISjZ9g2sEyzqAeA==,https://www.googleapis.com/download/storage/v1/b/data-cube-migration/o/micros_sales_raw%2Fmm_em_gc_bmt.csv.gz?generation=1651143070263720&alt=media,Qt6dPg==,CKjTtKHLtvcCEAE=,1651143070263720,OBJECT_DELETE,,JSON_API_V1,micros_sales_raw/mm_em_gc_bmt.csv.gz,projects/_/buckets/data-cube-migration/notificationConfigs/12,2022-04-28T11:19:19.621404Z,data-cube-migration,
storage#object,data-cube-migration/archive/micros_sales_raw/mm_em_gc_esm.csv.gz/1651058365974641,https://www.googleapis.com/storage/v1/b/data-cube-migration/o/archive%2Fmicros_sales_raw%2Fmm_em_gc_esm.csv.gz,archive/micros_sales_raw/mm_em_gc_esm.csv.gz,data-cube-migration,1651058365974641,1,text/csv,2022-04-27T11:19:26.074Z,2022-04-27T11:19:26.074Z,STANDARD,2022-04-27T11:19:26.074Z,87085,bQz/ATncqAFr3li/seAQnw==,https://www.googleapis.com/download/storage/v1/b/data-cube-migration/o/archive%2Fmicros_sales_raw%2Fmm_em_gc_esm.csv.gz?generation=1651058365974641&alt=media,57xV5w==,CPGQoduPtPcCEAE=,1651058365974641,OBJECT_DELETE,1651144764418308,JSON_API_V1,archive/micros_sales_raw/mm_em_gc_esm.csv.gz,projects/_/buckets/data-cube-migration/notificationConfigs/12,2022-04-28T11:19:24.520278Z,data-cube-migration,
storage#object,data-cube-migration/archive/micros_sales_raw/mm_em_gc_esm.csv.gz/1651144764418308,https://www.googleapis.com/storage/v1/b/data-cube-migration/o/archive%2Fmicros_sales_raw%2Fmm_em_gc_esm.csv.gz,archive/micros_sales_raw/mm_em_gc_esm.csv.gz,data-cube-migration,1651144764418308,1,text/csv,2022-04-28T11:19:24.520Z,2022-04-28T11:19:24.520Z,STANDARD,2022-04-28T11:19:24.520Z,87085,dh8K60N68ENw3oQoXJt9qQ==,https://www.googleapis.com/download/storage/v1/b/data-cube-migration/o/archive%2Fmicros_sales_raw%2Fmm_em_gc_esm.csv.gz?generation=1651144764418308&alt=media,R455fA==,CITSn8nRtvcCEAE=,1651144764418308,OBJECT_FINALIZE,,JSON_API_V1,archive/micros_sales_raw/mm_em_gc_esm.csv.gz,projects/_/buckets/data-cube-migration/notificationConfigs/12,2022-04-28T11:19:24.520278Z,data-cube-migration,1651058365974641
storage#object,data-cube-migration/micros_sales_raw/mm_em_gc_esm.csv.gz/1651143058143437,https://www.googleapis.com/storage/v1/b/data-cube-migration/o/micros_sales_raw%2Fmm_em_gc_esm.csv.gz,micros_sales_raw/mm_em_gc_esm.csv.gz,data-cube-migration,1651143058143437,1,text/csv,2022-04-28T10:50:58.250Z,2022-04-28T10:50:58.250Z,STANDARD,2022-04-28T10:50:58.250Z,87085,dh8K60N68ENw3oQoXJt9qQ==,https://www.googleapis.com/download/storage/v1/b/data-cube-migration/o/micros_sales_raw%2Fmm_em_gc_esm.csv.gz?generation=1651143058143437&alt=media,R455fA==,CM3x0JvLtvcCEAE=,1651143058143437,OBJECT_DELETE,,JSON_API_V1,micros_sales_raw/mm_em_gc_esm.csv.gz,projects/_/buckets/data-cube-migration/notificationConfigs/12,2022-04-28T11:19:24.718291Z,data-cube-migration,
storage#object,data-cube-migration/archive/micros_sales_raw/mm_em_gc_har.csv.gz/1651144772451056,https://www.googleapis.com/storage/v1/b/data-cube-migration/o/archive%2Fmicros_sales_raw%2Fmm_em_gc_har.csv.gz,archive/micros_sales_raw/mm_em_gc_har.csv.gz,data-cube-migration,1651144772451056,1,text/csv,2022-04-28T11:19:32.562Z,2022-04-28T11:19:32.562Z,STANDARD,2022-04-28T11:19:32.562Z,50744,QRhJr6nkFDlK6ezD3qF1kg==,https://www.googleapis.com/download/storage/v1/b/data-cube-migration/o/archive%2Fmicros_sales_raw%2Fmm_em_gc_har.csv.gz?generation=1651144772451056&alt=media,GHp+QQ==,CPD1ic3RtvcCEAE=,1651144772451056,OBJECT_FINALIZE,,JSON_API_V1,archive/micros_sales_raw/mm_em_gc_har.csv.gz,projects/_/buckets/data-cube-migration/notificationConfigs/12,2022-04-28T11:19:32.562626Z,data-cube-migration,1651058373211862
storage#object,data-cube-migration/archive/micros_sales_raw/mm_em_gc_har.csv.gz/1651058373211862,https://www.googleapis.com/storage/v1/b/data-cube-migration/o/archive%2Fmicros_sales_raw%2Fmm_em_gc_har.csv.gz,archive/micros_sales_raw/mm_em_gc_har.csv.gz,data-cube-migration,1651058373211862,1,text/csv,2022-04-27T11:19:33.312Z,2022-04-27T11:19:33.312Z,STANDARD,2022-04-27T11:19:33.312Z,50744,jgVZdvYHbjiLl0TfbP/gHw==,https://www.googleapis.com/download/storage/v1/b/data-cube-migration/o/archive%2Fmicros_sales_raw%2Fmm_em_gc_har.csv.gz?generation=1651058373211862&alt=media,PU0dIg==,CNbt2t6PtPcCEAE=,1651058373211862,OBJECT_DELETE,1651144772451056,JSON_API_V1,archive/micros_sales_raw/mm_em_gc_har.csv.gz,projects/_/buckets/data-cube-migration/notificationConfigs/12,2022-04-28T11:19:32.562626Z,data-cube-migration,
storage#object,data-cube-migration/micros_sales_raw/mm_em_gc_har.csv.gz/1651143070573733,https://www.googleapis.com/storage/v1/b/data-cube-migration/o/micros_sales_raw%2Fmm_em_gc_har.csv.gz,micros_sales_raw/mm_em_gc_har.csv.gz,data-cube-migration,1651143070573733,1,text/csv,2022-04-28T10:51:10.662Z,2022-04-28T10:51:10.662Z,STANDARD,2022-04-28T10:51:10.662Z,50744,QRhJr6nkFDlK6ezD3qF1kg==,https://www.googleapis.com/download/storage/v1/b/data-cube-migration/o/micros_sales_raw%2Fmm_em_gc_har.csv.gz?generation=1651143070573733&alt=media,GHp+QQ==,CKXJx6HLtvcCEAE=,1651143070573733,OBJECT_DELETE,,JSON_API_V1,micros_sales_raw/mm_em_gc_har.csv.gz,projects/_/buckets/data-cube-migration/notificationConfigs/12,2022-04-28T11:19:32.764766Z,data-cube-migration,
storage#object,data-cube-migration/archive/micros_sales_raw/mm_em_gc_lan.csv.gz/1651058388655707,https://www.googleapis.com/storage/v1/b/data-cube-migration/o/archive%2Fmicros_sales_raw%2Fmm_em_gc_lan.csv.gz,archive/micros_sales_raw/mm_em_gc_lan.csv.gz,data-cube-migration,1651058388655707,1,text/csv,2022-04-27T11:19:48.757Z,2022-04-27T11:19:48.757Z,STANDARD,2022-04-27T11:19:48.757Z,41059,KlMyxO2x3Tanj5W5M1HAtg==,https://www.googleapis.com/download/storage/v1/b/data-cube-migration/o/archive%2Fmicros_sales_raw%2Fmm_em_gc_lan.csv.gz?generation=1651058388655707&alt=media,bHovZQ==,CNu8ieaPtPcCEAE=,1651058388655707,OBJECT_DELETE,1651144784433686,JSON_API_V1,archive/micros_sales_raw/mm_em_gc_lan.csv.gz,projects/_/buckets/data-cube-migration/notificationConfigs/12,2022-04-28T11:19:44.535365Z,data-cube-migration,
storage#object,data-cube-migration/micros_sales_raw/mm_em_gc_kel.csv.gz/1651143058422860,https://www.googleapis.com/storage/v1/b/data-cube-migration/o/micros_sales_raw%2Fmm_em_gc_kel.csv.gz,micros_sales_raw/mm_em_gc_kel.csv.gz,data-cube-migration,1651143058422860,1,text/csv,2022-04-28T10:50:58.510Z,2022-04-28T10:50:58.510Z,STANDARD,2022-04-28T10:50:58.510Z,64974,g24ffloUhK0XzBNupMygnQ==,https://www.googleapis.com/download/storage/v1/b/data-cube-migration/o/micros_sales_raw%2Fmm_em_gc_kel.csv.gz?generation=1651143058422860&alt=media,pwclqg==,CMz44ZvLtvcCEAE=,1651143058422860,OBJECT_DELETE,,JSON_API_V1,micros_sales_raw/mm_em_gc_kel.csv.gz,projects/_/buckets/data-cube-migration/notificationConfigs/12,2022-04-28T11:19:38.718992Z,data-cube-migration,
storage#object,data-cube-migration/archive/micros_sales_raw/mm_em_gc_kel.csv.gz/1651058380268599,https://www.googleapis.com/storage/v1/b/data-cube-migration/o/archive%2Fmicros_sales_raw%2Fmm_em_gc_kel.csv.gz,archive/micros_sales_raw/mm_em_gc_kel.csv.gz,data-cube-migration,1651058380268599,1,text/csv,2022-04-27T11:19:40.390Z,2022-04-27T11:19:40.390Z,STANDARD,2022-04-27T11:19:40.390Z,64933,F6KYWFHgAlExa+ciutq9TQ==,https://www.googleapis.com/download/storage/v1/b/data-cube-migration/o/archive%2Fmicros_sales_raw%2Fmm_em_gc_kel.csv.gz?generation=1651058380268599&alt=media,622ybQ==,CLfIieKPtPcCEAE=,1651058380268599,OBJECT_DELETE,1651144778396328,JSON_API_V1,archive/micros_sales_raw/mm_em_gc_kel.csv.gz,projects/_/buckets/data-cube-migration/notificationConfigs/12,2022-04-28T11:19:38.500898Z,data-cube-migration,
storage#object,data-cube-migration/archive/micros_sales_raw/mm_em_gc_kel.csv.gz/1651144778396328,https://www.googleapis.com/storage/v1/b/data-cube-migration/o/archive%2Fmicros_sales_raw%2Fmm_em_gc_kel.csv.gz,archive/micros_sales_raw/mm_em_gc_kel.csv.gz,data-cube-migration,1651144778396328,1,text/csv,2022-04-28T11:19:38.500Z,2022-04-28T11:19:38.500Z,STANDARD,2022-04-28T11:19:38.500Z,64974,g24ffloUhK0XzBNupMygnQ==,https://www.googleapis.com/download/storage/v1/b/data-cube-migration/o/archive%2Fmicros_sales_raw%2Fmm_em_gc_kel.csv.gz?generation=1651144778396328&alt=media,pwclqg==,CKjl9M/RtvcCEAE=,1651144778396328,OBJECT_FINALIZE,,JSON_API_V1,archive/micros_sales_raw/mm_em_gc_kel.csv.gz,projects/_/buckets/data-cube-migration/notificationConfigs/12,2022-04-28T11:19:38.500898Z,data-cube-migration,1651058380268599
storage#object,data-cube-migration/archive/micros_sales_raw/mm_em_gc_lan.csv.gz/1651144784433686,https://www.googleapis.com/storage/v1/b/data-cube-migration/o/archive%2Fmicros_sales_raw%2Fmm_em_gc_lan.csv.gz,archive/micros_sales_raw/mm_em_gc_lan.csv.gz,data-cube-migration,1651144784433686,1,text/csv,2022-04-28T11:19:44.535Z,2022-04-28T11:19:44.535Z,STANDARD,2022-04-28T11:19:44.535Z,41059,a6wQUKUcxm9imYEDrtcdnA==,https://www.googleapis.com/download/storage/v1/b/data-cube-migration/o/archive%2Fmicros_sales_raw%2Fmm_em_gc_lan.csv.gz?generation=1651144784433686&alt=media,2MPqsg==,CJak5dLRtvcCEAE=,1651144784433686,OBJECT_FINALIZE,,JSON_API_V1,archive/micros_sales_raw/mm_em_gc_lan.csv.gz,projects/_/buckets/data-cube-migration/notificationConfigs/12,2022-04-28T11:19:44.535365Z,data-cube-migration,1651058388655707
storage#object,data-cube-migration/micros_sales_raw/mm_em_gc_lan.csv.gz/1651143070843966,https://www.googleapis.com/storage/v1/b/data-cube-migration/o/micros_sales_raw%2Fmm_em_gc_lan.csv.gz,micros_sales_raw/mm_em_gc_lan.csv.gz,data-cube-migration,1651143070843966,1,text/csv,2022-04-28T10:51:10.930Z,2022-04-28T10:51:10.930Z,STANDARD,2022-04-28T10:51:10.930Z,41059,a6wQUKUcxm9imYEDrtcdnA==,https://www.googleapis.com/download/storage/v1/b/data-cube-migration/o/micros_sales_raw%2Fmm_em_gc_lan.csv.gz?generation=1651143070843966&alt=media,2MPqsg==,CL6I2KHLtvcCEAE=,1651143070843966,OBJECT_DELETE,,JSON_API_V1,micros_sales_raw/mm_em_gc_lan.csv.gz,projects/_/buckets/data-cube-migration/notificationConfigs/12,2022-04-28T11:19:44.728613Z,data-cube-migration,
storage#object,data-cube-migration/archive/micros_sales_raw/mm_em_gc_mon.csv.gz/1651058401669107,https://www.googleapis.com/storage/v1/b/data-cube-migration/o/archive%2Fmicros_sales_raw%2Fmm_em_gc_mon.csv.gz,archive/micros_sales_raw/mm_em_gc_mon.csv.gz,data-cube-migration,1651058401669107,1,text/csv,2022-04-27T11:20:01.771Z,2022-04-27T11:20:01.771Z,STANDARD,2022-04-27T11:20:01.771Z,76376,mt6vG1P6HHoUr3Bj1yOZ5Q==,https://www.googleapis.com/download/storage/v1/b/data-cube-migration/o/archive%2Fmicros_sales_raw%2Fmm_em_gc_mon.csv.gz?generation=1651058401669107&alt=media,dqpjPg==,CPPfo+yPtPcCEAE=,1651058401669107,OBJECT_DELETE,1651144799441474,JSON_API_V1,archive/micros_sales_raw/mm_em_gc_mon.csv.gz,projects/_/buckets/data-cube-migration/notificationConfigs/12,2022-04-28T11:19:59.544212Z,data-cube-migration,
storage#object,data-cube-migration/archive/micros_sales_raw/mm_em_gc_mon.csv.gz/1651144799441474,https://www.googleapis.com/storage/v1/b/data-cube-migration/o/archive%2Fmicros_sales_raw%2Fmm_em_gc_mon.csv.gz,archive/micros_sales_raw/mm_em_gc_mon.csv.gz,data-cube-migration,1651144799441474,1,text/csv,2022-04-28T11:19:59.544Z,2022-04-28T11:19:59.544Z,STANDARD,2022-04-28T11:19:59.544Z,76376,otdnrp3JY57W6ehbS3KN5A==,https://www.googleapis.com/download/storage/v1/b/data-cube-migration/o/archive%2Fmicros_sales_raw%2Fmm_em_gc_mon.csv.gz?generation=1651144799441474&alt=media,h2oi6g==,CMKk+dnRtvcCEAE=,1651144799441474,OBJECT_FINALIZE,,JSON_API_V1,archive/micros_sales_raw/mm_em_gc_mon.csv.gz,projects/_/buckets/data-cube-migration/notificationConfigs/12,2022-04-28T11:19:59.544212Z,data-cube-migration,1651058401669107
storage#object,data-cube-migration/archive/micros_sales_raw/mm_em_gc_mil.csv.gz/1651058394478734,https://www.googleapis.com/storage/v1/b/data-cube-migration/o/archive%2Fmicros_sales_raw%2Fmm_em_gc_mil.csv.gz,archive/micros_sales_raw/mm_em_gc_mil.csv.gz,data-cube-migration,1651058394478734,1,text/csv,2022-04-27T11:19:54.579Z,2022-04-27T11:19:54.579Z,STANDARD,2022-04-27T11:19:54.579Z,69329,qzBAnvW0r5lgWkzPtLi51g==,https://www.googleapis.com/download/storage/v1/b/data-cube-migration/o/archive%2Fmicros_sales_raw%2Fmm_em_gc_mil.csv.gz?generation=1651058394478734&alt=media,hNsV3A==,CI7x7OiPtPcCEAE=,1651058394478734,OBJECT_DELETE,1651144789780101,JSON_API_V1,archive/micros_sales_raw/mm_em_gc_mil.csv.gz,projects/_/buckets/data-cube-migration/notificationConfigs/12,2022-04-28T11:19:49.885741Z,data-cube-migration,
storage#object,data-cube-migration/archive/micros_sales_raw/mm_em_gc_mil.csv.gz/1651144789780101,https://www.googleapis.com/storage/v1/b/data-cube-migration/o/archive%2Fmicros_sales_raw%2Fmm_em_gc_mil.csv.gz,archive/micros_sales_raw/mm_em_gc_mil.csv.gz,data-cube-migration,1651144789780101,1,text/csv,2022-04-28T11:19:49.885Z,2022-04-28T11:19:49.885Z,STANDARD,2022-04-28T11:19:49.885Z,69329,8RNhfbgNQ/cCg8zklhiwbQ==,https://www.googleapis.com/download/storage/v1/b/data-cube-migration/o/archive%2Fmicros_sales_raw%2Fmm_em_gc_mil.csv.gz?generation=1651144789780101&alt=media,hA2Csw==,CIXNq9XRtvcCEAE=,1651144789780101,OBJECT_FINALIZE,,JSON_API_V1,archive/micros_sales_raw/mm_em_gc_mil.csv.gz,projects/_/buckets/data-cube-migration/notificationConfigs/12,2022-04-28T11:19:49.885741Z,data-cube-migration,1651058394478734
storage#object,data-cube-migration/micros_sales_raw/mm_em_gc_mon.csv.gz/1651143071187304,https://www.googleapis.com/storage/v1/b/data-cube-migration/o/micros_sales_raw%2Fmm_em_gc_mon.csv.gz,micros_sales_raw/mm_em_gc_mon.csv.gz,data-cube-migration,1651143071187304,1,text/csv,2022-04-28T10:51:11.271Z,2022-04-28T10:51:11.271Z,STANDARD,2022-04-28T10:51:11.271Z,76376,otdnrp3JY57W6ehbS3KN5A==,https://www.googleapis.com/download/storage/v1/b/data-cube-migration/o/micros_sales_raw%2Fmm_em_gc_mon.csv.gz?generation=1651143071187304&alt=media,h2oi6g==,COiC7aHLtvcCEAE=,1651143071187304,OBJECT_DELETE,,JSON_API_V1,micros_sales_raw/mm_em_gc_mon.csv.gz,projects/_/buckets/data-cube-migration/notificationConfigs/12,2022-04-28T11:19:59.742422Z,data-cube-migration,
storage#object,data-cube-migration/micros_sales_raw/mm_em_gc_mil.csv.gz/1651143058776493,https://www.googleapis.com/storage/v1/b/data-cube-migration/o/micros_sales_raw%2Fmm_em_gc_mil.csv.gz,micros_sales_raw/mm_em_gc_mil.csv.gz,data-cube-migration,1651143058776493,1,text/csv,2022-04-28T10:50:58.862Z,2022-04-28T10:50:58.862Z,STANDARD,2022-04-28T10:50:58.862Z,69329,8RNhfbgNQ/cCg8zklhiwbQ==,https://www.googleapis.com/download/storage/v1/b/data-cube-migration/o/micros_sales_raw%2Fmm_em_gc_mil.csv.gz?generation=1651143058776493&alt=media,hA2Csw==,CK3D95vLtvcCEAE=,1651143058776493,OBJECT_DELETE,,JSON_API_V1,micros_sales_raw/mm_em_gc_mil.csv.gz,projects/_/buckets/data-cube-migration/notificationConfigs/12,2022-04-28T11:19:50.349943Z,data-cube-migration,
storage#object,data-cube-migration/archive/micros_sales_raw/mm_em_gc_pub.csv.gz/1651144808384208,https://www.googleapis.com/storage/v1/b/data-cube-migration/o/archive%2Fmicros_sales_raw%2Fmm_em_gc_pub.csv.gz,archive/micros_sales_raw/mm_em_gc_pub.csv.gz,data-cube-migration,1651144808384208,1,text/csv,2022-04-28T11:20:08.481Z,2022-04-28T11:20:08.481Z,STANDARD,2022-04-28T11:20:08.481Z,59094,q2bu3/0TFqTA+48Vtw54BA==,https://www.googleapis.com/download/storage/v1/b/data-cube-migration/o/archive%2Fmicros_sales_raw%2Fmm_em_gc_pub.csv.gz?generation=1651144808384208&alt=media,8XyN5Q==,CNCNm97RtvcCEAE=,1651144808384208,OBJECT_FINALIZE,,JSON_API_V1,archive/micros_sales_raw/mm_em_gc_pub.csv.gz,projects/_/buckets/data-cube-migration/notificationConfigs/12,2022-04-28T11:20:08.481828Z,data-cube-migration,1651058406892915
storage#object,data-cube-migration/archive/micros_sales_raw/mm_em_gc_pub.csv.gz/1651058406892915,https://www.googleapis.com/storage/v1/b/data-cube-migration/o/archive%2Fmicros_sales_raw%2Fmm_em_gc_pub.csv.gz,archive/micros_sales_raw/mm_em_gc_pub.csv.gz,data-cube-migration,1651058406892915,1,text/csv,2022-04-27T11:20:06.994Z,2022-04-27T11:20:06.994Z,STANDARD,2022-04-27T11:20:06.994Z,59094,jgJrRfanzX3hOF4lpkIEtg==,https://www.googleapis.com/download/storage/v1/b/data-cube-migration/o/archive%2Fmicros_sales_raw%2Fmm_em_gc_pub.csv.gz?generation=1651058406892915&alt=media,bF/EqA==,CPPK4u6PtPcCEAE=,1651058406892915,OBJECT_DELETE,1651144808384208,JSON_API_V1,archive/micros_sales_raw/mm_em_gc_pub.csv.gz,projects/_/buckets/data-cube-migration/notificationConfigs/12,2022-04-28T11:20:08.481828Z,data-cube-migration,
storage#object,data-cube-migration/micros_sales_raw/mm_em_gc_pub.csv.gz/1651143059067634,https://www.googleapis.com/storage/v1/b/data-cube-migration/o/micros_sales_raw%2Fmm_em_gc_pub.csv.gz,micros_sales_raw/mm_em_gc_pub.csv.gz,data-cube-migration,1651143059067634,1,text/csv,2022-04-28T10:50:59.156Z,2022-04-28T10:50:59.156Z,STANDARD,2022-04-28T10:50:59.156Z,59094,q2bu3/0TFqTA+48Vtw54BA==,https://www.googleapis.com/download/storage/v1/b/data-cube-migration/o/micros_sales_raw%2Fmm_em_gc_pub.csv.gz?generation=1651143059067634&alt=media,8XyN5Q==,CPKliZzLtvcCEAE=,1651143059067634,OBJECT_DELETE,,JSON_API_V1,micros_sales_raw/mm_em_gc_pub.csv.gz,projects/_/buckets/data-cube-migration/notificationConfigs/12,2022-04-28T11:20:08.682627Z,data-cube-migration,
storage#object,data-cube-migration/archive/micros_sales_raw/mm_em_gc_swi.csv.gz/1651058413693683,https://www.googleapis.com/storage/v1/b/data-cube-migration/o/archive%2Fmicros_sales_raw%2Fmm_em_gc_swi.csv.gz,archive/micros_sales_raw/mm_em_gc_swi.csv.gz,data-cube-migration,1651058413693683,1,text/csv,2022-04-27T11:20:13.798Z,2022-04-27T11:20:13.798Z,STANDARD,2022-04-27T11:20:13.798Z,93971,9Yan3L7X00CTlFX9aRroQw==,https://www.googleapis.com/download/storage/v1/b/data-cube-migration/o/archive%2Fmicros_sales_raw%2Fmm_em_gc_swi.csv.gz?generation=1651058413693683&alt=media,OoW/HA==,CPPVgfKPtPcCEAE=,1651058413693683,OBJECT_DELETE,1651144815298374,JSON_API_V1,archive/micros_sales_raw/mm_em_gc_swi.csv.gz,projects/_/buckets/data-cube-migration/notificationConfigs/12,2022-04-28T11:20:15.401351Z,data-cube-migration,
storage#object,data-cube-migration/archive/micros_sales_raw/mm_em_gc_swi.csv.gz/1651144815298374,https://www.googleapis.com/storage/v1/b/data-cube-migration/o/archive%2Fmicros_sales_raw%2Fmm_em_gc_swi.csv.gz,archive/micros_sales_raw/mm_em_gc_swi.csv.gz,data-cube-migration,1651144815298374,1,text/csv,2022-04-28T11:20:15.401Z,2022-04-28T11:20:15.401Z,STANDARD,2022-04-28T11:20:15.401Z,93971,vVxjbM/cjunJsnVBST5vcQ==,https://www.googleapis.com/download/storage/v1/b/data-cube-migration/o/archive%2Fmicros_sales_raw%2Fmm_em_gc_swi.csv.gz?generation=1651144815298374&alt=media,RUGK+Q==,CMaOweHRtvcCEAE=,1651144815298374,OBJECT_FINALIZE,,JSON_API_V1,archive/micros_sales_raw/mm_em_gc_swi.csv.gz,projects/_/buckets/data-cube-migration/notificationConfigs/12,2022-04-28T11:20:15.401351Z,data-cube-migration,1651058413693683
storage#object,data-cube-migration/jde/jde_f4311.csv/1651144848227977,https://www.googleapis.com/storage/v1/b/data-cube-migration/o/jde%2Fjde_f4311.csv,jde/jde_f4311.csv,data-cube-migration,1651144848227977,1,text/csv,2022-04-28T11:20:48.337Z,2022-04-28T11:20:48.337Z,STANDARD,2022-04-28T11:20:48.337Z,1339241050,+44wCNf7IMdz9lG6Mu4sAQ==,https://www.googleapis.com/download/storage/v1/b/data-cube-migration/o/jde%2Fjde_f4311.csv?generation=1651144848227977&alt=media,YH7Liw==,CIn9mvHRtvcCEAE=,1651144848227977,OBJECT_FINALIZE,,JSON_API_V1,jde/jde_f4311.csv,projects/_/buckets/data-cube-migration/notificationConfigs/12,2022-04-28T11:20:48.337303Z,data-cube-migration,
storage#object,data-cube-migration/archive/micros_sales_raw/mm_guest_check_hist_2022042520220426.csv.gz/1651144863962775,https://www.googleapis.com/storage/v1/b/data-cube-migration/o/archive%2Fmicros_sales_raw%2Fmm_guest_check_hist_2022042520220426.csv.gz,archive/micros_sales_raw/mm_guest_check_hist_2022042520220426.csv.gz,data-cube-migration,1651144863962775,1,text/csv,2022-04-28T11:21:04.053Z,2022-04-28T11:21:04.053Z,STANDARD,2022-04-28T11:21:04.053Z,13447242,mHkQPDo7p/a5AXcoGp/jOg==,https://www.googleapis.com/download/storage/v1/b/data-cube-migration/o/archive%2Fmicros_sales_raw%2Fmm_guest_check_hist_2022042520220426.csv.gz?generation=1651144863962775&alt=media,/iQ6sw==,CJet2/jRtvcCEAE=,1651144863962775,OBJECT_FINALIZE,,JSON_API_V1,archive/micros_sales_raw/mm_guest_check_hist_2022042520220426.csv.gz,projects/_/buckets/data-cube-migration/notificationConfigs/12,2022-04-28T11:21:04.053271Z,data-cube-migration,
storage#object,data-cube-migration/micros_sales_raw/mm_guest_check_hist_2022042520220426.csv.gz/1651143062722431,https://www.googleapis.com/storage/v1/b/data-cube-migration/o/micros_sales_raw%2Fmm_guest_check_hist_2022042520220426.csv.gz,micros_sales_raw/mm_guest_check_hist_2022042520220426.csv.gz,data-cube-migration,1651143062722431,1,text/csv,2022-04-28T10:51:02.806Z,2022-04-28T10:51:02.806Z,STANDARD,2022-04-28T10:51:02.806Z,13447242,mHkQPDo7p/a5AXcoGp/jOg==,https://www.googleapis.com/download/storage/v1/b/data-cube-migration/o/micros_sales_raw%2Fmm_guest_check_hist_2022042520220426.csv.gz?generation=1651143062722431&alt=media,/iQ6sw==,CP+u6J3LtvcCEAE=,1651143062722431,OBJECT_DELETE,,JSON_API_V1,micros_sales_raw/mm_guest_check_hist_2022042520220426.csv.gz,projects/_/buckets/data-cube-migration/notificationConfigs/12,2022-04-28T11:21:04.249563Z,data-cube-migration,
storage#object,data-cube-migration/archive/micros_sales_raw/mm_guest_check_hist_2022042720220427.csv.gz/1651144884747425,https://www.googleapis.com/storage/v1/b/data-cube-migration/o/archive%2Fmicros_sales_raw%2Fmm_guest_check_hist_2022042720220427.csv.gz,archive/micros_sales_raw/mm_guest_check_hist_2022042720220427.csv.gz,data-cube-migration,1651144884747425,1,text/csv,2022-04-28T11:21:24.835Z,2022-04-28T11:21:24.835Z,STANDARD,2022-04-28T11:21:24.835Z,7526666,ZD0DfbOhbyH2vYd3k5z/vw==,https://www.googleapis.com/download/storage/v1/b/data-cube-migration/o/archive%2Fmicros_sales_raw%2Fmm_guest_check_hist_2022042720220427.csv.gz?generation=1651144884747425&alt=media,2mTXeA==,CKH5z4LStvcCEAE=,1651144884747425,OBJECT_FINALIZE,,JSON_API_V1,archive/micros_sales_raw/mm_guest_check_hist_2022042720220427.csv.gz,projects/_/buckets/data-cube-migration/notificationConfigs/12,2022-04-28T11:21:24.835316Z,data-cube-migration,
storage#object,data-cube-migration/micros_sales_raw/mm_guest_check_hist_2022042720220427.csv.gz/1651143074156950,https://www.googleapis.com/storage/v1/b/data-cube-migration/o/micros_sales_raw%2Fmm_guest_check_hist_2022042720220427.csv.gz,micros_sales_raw/mm_guest_check_hist_2022042720220427.csv.gz,data-cube-migration,1651143074156950,1,text/csv,2022-04-28T10:51:14.242Z,2022-04-28T10:51:14.242Z,STANDARD,2022-04-28T10:51:14.242Z,7526666,ZD0DfbOhbyH2vYd3k5z/vw==,https://www.googleapis.com/download/storage/v1/b/data-cube-migration/o/micros_sales_raw%2Fmm_guest_check_hist_2022042720220427.csv.gz?generation=1651143074156950&alt=media,2mTXeA==,CJajoqPLtvcCEAE=,1651143074156950,OBJECT_DELETE,,JSON_API_V1,micros_sales_raw/mm_guest_check_hist_2022042720220427.csv.gz,projects/_/buckets/data-cube-migration/notificationConfigs/12,2022-04-28T11:21:25.026733Z,data-cube-migration,
storage#object,data-cube-migration/archive/jde/jde_f4311.csv/1651058523378164,https://www.googleapis.com/storage/v1/b/data-cube-migration/o/archive%2Fjde%2Fjde_f4311.csv,archive/jde/jde_f4311.csv,data-cube-migration,1651058523378164,1,text/csv,2022-04-27T11:22:03.534Z,2022-04-27T11:22:03.534Z,STANDARD,2022-04-27T11:22:03.534Z,1339215347,Byc7jdVpuYm6SiNjeD6sJg==,https://www.googleapis.com/download/storage/v1/b/data-cube-migration/o/archive%2Fjde%2Fjde_f4311.csv?generation=1651058523378164&alt=media,mwRRCw==,CPSjqKaQtPcCEAE=,1651058523378164,OBJECT_DELETE,1651144927993401,JSON_API_V1,archive/jde/jde_f4311.csv,projects/_/buckets/data-cube-migration/notificationConfigs/12,2022-04-28T11:22:08.131158Z,data-cube-migration,
storage#object,data-cube-migration/archive/jde/jde_f4311.csv/1651144927993401,https://www.googleapis.com/storage/v1/b/data-cube-migration/o/archive%2Fjde%2Fjde_f4311.csv,archive/jde/jde_f4311.csv,data-cube-migration,1651144927993401,1,text/csv,2022-04-28T11:22:08.131Z,2022-04-28T11:22:08.131Z,STANDARD,2022-04-28T11:22:08.131Z,1339241050,+44wCNf7IMdz9lG6Mu4sAQ==,https://www.googleapis.com/download/storage/v1/b/data-cube-migration/o/archive%2Fjde%2Fjde_f4311.csv?generation=1651144927993401&alt=media,YH7Liw==,CLm8n5fStvcCEAE=,1651144927993401,OBJECT_FINALIZE,,JSON_API_V1,archive/jde/jde_f4311.csv,projects/_/buckets/data-cube-migration/notificationConfigs/12,2022-04-28T11:22:08.131158Z,data-cube-migration,1651058523378164
storage#object,data-cube-migration/micros_sales_raw/mm_guest_check_line_item_hist_2022042520220426.csv.gz/1651143078884955,https://www.googleapis.com/storage/v1/b/data-cube-migration/o/micros_sales_raw%2Fmm_guest_check_line_item_hist_2022042520220426.csv.gz,micros_sales_raw/mm_guest_check_line_item_hist_2022042520220426.csv.gz,data-cube-migration,1651143078884955,1,text/csv,2022-04-28T10:51:18.976Z,2022-04-28T10:51:18.976Z,STANDARD,2022-04-28T10:51:18.976Z,105294172,e3H2HYK1NIdteEdTMXwDsg==,https://www.googleapis.com/download/storage/v1/b/data-cube-migration/o/micros_sales_raw%2Fmm_guest_check_line_item_hist_2022042520220426.csv.gz?generation=1651143078884955&alt=media,fjblJg==,CNvswqXLtvcCEAE=,1651143078884955,OBJECT_DELETE,,JSON_API_V1,micros_sales_raw/mm_guest_check_line_item_hist_2022042520220426.csv.gz,projects/_/buckets/data-cube-migration/notificationConfigs/12,2022-04-28T11:25:07.473948Z,data-cube-migration,
storage#object,data-cube-migration/archive/micros_sales_raw/mm_guest_check_line_item_hist_2022042720220427.csv.gz/1651145199265729,https://www.googleapis.com/storage/v1/b/data-cube-migration/o/archive%2Fmicros_sales_raw%2Fmm_guest_check_line_item_hist_2022042720220427.csv.gz,archive/micros_sales_raw/mm_guest_check_line_item_hist_2022042720220427.csv.gz,data-cube-migration,1651145199265729,1,text/csv,2022-04-28T11:26:39.356Z,2022-04-28T11:26:39.356Z,STANDARD,2022-04-28T11:26:39.356Z,60263221,Zo3h6H9qg38Ao7ElDNkETg==,https://www.googleapis.com/download/storage/v1/b/data-cube-migration/o/archive%2Fmicros_sales_raw%2Fmm_guest_check_line_item_hist_2022042720220427.csv.gz?generation=1651145199265729&alt=media,jt+iFA==,CMHPzJjTtvcCEAE=,1651145199265729,OBJECT_FINALIZE,,JSON_API_V1,archive/micros_sales_raw/mm_guest_check_line_item_hist_2022042720220427.csv.gz,projects/_/buckets/data-cube-migration/notificationConfigs/12,2022-04-28T11:26:39.356206Z,data-cube-migration,
storage#object,data-cube-migration/archive/micros_sales_raw/mm_guest_check_line_item_hist_2022042520220426.csv.gz/1651145107163955,https://www.googleapis.com/storage/v1/b/data-cube-migration/o/archive%2Fmicros_sales_raw%2Fmm_guest_check_line_item_hist_2022042520220426.csv.gz,archive/micros_sales_raw/mm_guest_check_line_item_hist_2022042520220426.csv.gz,data-cube-migration,1651145107163955,1,text/csv,2022-04-28T11:25:07.255Z,2022-04-28T11:25:07.255Z,STANDARD,2022-04-28T11:25:07.255Z,105294172,e3H2HYK1NIdteEdTMXwDsg==,https://www.googleapis.com/download/storage/v1/b/data-cube-migration/o/archive%2Fmicros_sales_raw%2Fmm_guest_check_line_item_hist_2022042520220426.csv.gz?generation=1651145107163955&alt=media,fjblJg==,CLOW1+zStvcCEAE=,1651145107163955,OBJECT_FINALIZE,,JSON_API_V1,archive/micros_sales_raw/mm_guest_check_line_item_hist_2022042520220426.csv.gz,projects/_/buckets/data-cube-migration/notificationConfigs/12,2022-04-28T11:25:07.255382Z,data-cube-migration,
storage#object,data-cube-migration/micros_sales_raw/mm_guest_check_line_item_hist_2022042720220427.csv.gz/1651143314601156,https://www.googleapis.com/storage/v1/b/data-cube-migration/o/micros_sales_raw%2Fmm_guest_check_line_item_hist_2022042720220427.csv.gz,micros_sales_raw/mm_guest_check_line_item_hist_2022042720220427.csv.gz,data-cube-migration,1651143314601156,1,text/csv,2022-04-28T10:55:14.685Z,2022-04-28T10:55:14.685Z,STANDARD,2022-04-28T10:55:14.685Z,60263221,Zo3h6H9qg38Ao7ElDNkETg==,https://www.googleapis.com/download/storage/v1/b/data-cube-migration/o/micros_sales_raw%2Fmm_guest_check_line_item_hist_2022042720220427.csv.gz?generation=1651143314601156&alt=media,jt+iFA==,CMTp9ZXMtvcCEAE=,1651143314601156,OBJECT_DELETE,,JSON_API_V1,micros_sales_raw/mm_guest_check_line_item_hist_2022042720220427.csv.gz,projects/_/buckets/data-cube-migration/notificationConfigs/12,2022-04-28T11:26:39.570317Z,data-cube-migration,
storage#object,data-cube-migration/archive/micros_sales_raw/mm_portal_weather_2022042520220427.csv.gz/1651145230397326,https://www.googleapis.com/storage/v1/b/data-cube-migration/o/archive%2Fmicros_sales_raw%2Fmm_portal_weather_2022042520220427.csv.gz,archive/micros_sales_raw/mm_portal_weather_2022042520220427.csv.gz,data-cube-migration,1651145230397326,1,text/csv,2022-04-28T11:27:10.484Z,2022-04-28T11:27:10.484Z,STANDARD,2022-04-28T11:27:10.484Z,59,gqvJ18MitnHWr4xt/li/ZA==,https://www.googleapis.com/download/storage/v1/b/data-cube-migration/o/archive%2Fmicros_sales_raw%2Fmm_portal_weather_2022042520220427.csv.gz?generation=1651145230397326&alt=media,IZvG5w==,CI7fuKfTtvcCEAE=,1651145230397326,OBJECT_FINALIZE,,JSON_API_V1,archive/micros_sales_raw/mm_portal_weather_2022042520220427.csv.gz,projects/_/buckets/data-cube-migration/notificationConfigs/12,2022-04-28T11:27:10.484711Z,data-cube-migration,
storage#object,data-cube-migration/micros_sales_raw/mm_portal_weather_2022042520220427.csv.gz/1651141887856248,https://www.googleapis.com/storage/v1/b/data-cube-migration/o/micros_sales_raw%2Fmm_portal_weather_2022042520220427.csv.gz,micros_sales_raw/mm_portal_weather_2022042520220427.csv.gz,data-cube-migration,1651141887856248,1,text/csv,2022-04-28T10:31:27.944Z,2022-04-28T10:31:27.944Z,STANDARD,2022-04-28T10:31:27.944Z,59,gqvJ18MitnHWr4xt/li/ZA==,https://www.googleapis.com/download/storage/v1/b/data-cube-migration/o/micros_sales_raw%2Fmm_portal_weather_2022042520220427.csv.gz?generation=1651141887856248&alt=media,IZvG5w==,CPiczO3GtvcCEAE=,1651141887856248,OBJECT_DELETE,,JSON_API_V1,micros_sales_raw/mm_portal_weather_2022042520220427.csv.gz,projects/_/buckets/data-cube-migration/notificationConfigs/12,2022-04-28T11:27:10.682546Z,data-cube-migration,
storage#object,data-cube-migration/micros_sales_raw/mm_order_type.csv.gz/1651145420277813,https://www.googleapis.com/storage/v1/b/data-cube-migration/o/micros_sales_raw%2Fmm_order_type.csv.gz,micros_sales_raw/mm_order_type.csv.gz,data-cube-migration,1651145420277813,1,text/csv,2022-04-28T11:30:20.366Z,2022-04-28T11:30:20.366Z,STANDARD,2022-04-28T11:30:20.366Z,48594,07XmG8kHZYSVGoZM15VZSA==,https://www.googleapis.com/download/storage/v1/b/data-cube-migration/o/micros_sales_raw%2Fmm_order_type.csv.gz?generation=1651145420277813&alt=media,cEaoYw==,CLWQ/oHUtvcCEAE=,1651145420277813,OBJECT_FINALIZE,,JSON_API_V1,micros_sales_raw/mm_order_type.csv.gz,projects/_/buckets/data-cube-migration/notificationConfigs/12,2022-04-28T11:30:20.366405Z,data-cube-migration,
storage#object,data-cube-migration/micros_sales_raw/mm_service_charge.csv.gz/1651145420905362,https://www.googleapis.com/storage/v1/b/data-cube-migration/o/micros_sales_raw%2Fmm_service_charge.csv.gz,micros_sales_raw/mm_service_charge.csv.gz,data-cube-migration,1651145420905362,1,text/csv,2022-04-28T11:30:21.010Z,2022-04-28T11:30:21.010Z,STANDARD,2022-04-28T11:30:21.010Z,288704,lIHmY8tDNiB66JTQo5ZR+Q==,https://www.googleapis.com/download/storage/v1/b/data-cube-migration/o/micros_sales_raw%2Fmm_service_charge.csv.gz?generation=1651145420905362&alt=media,xaCqRg==,CJK3pILUtvcCEAE=,1651145420905362,OBJECT_FINALIZE,,JSON_API_V1,micros_sales_raw/mm_service_charge.csv.gz,projects/_/buckets/data-cube-migration/notificationConfigs/12,2022-04-28T11:30:21.010462Z,data-cube-migration,
storage#object,data-cube-migration/micros_sales_raw/mm_revenue_center.csv.gz/1651145420572451,https://www.googleapis.com/storage/v1/b/data-cube-migration/o/micros_sales_raw%2Fmm_revenue_center.csv.gz,micros_sales_raw/mm_revenue_center.csv.gz,data-cube-migration,1651145420572451,1,text/csv,2022-04-28T11:30:20.657Z,2022-04-28T11:30:20.657Z,STANDARD,2022-04-28T11:30:20.657Z,39878,V3QsvcRVIoyvaVVmgJlHlw==,https://www.googleapis.com/download/storage/v1/b/data-cube-migration/o/micros_sales_raw%2Fmm_revenue_center.csv.gz?generation=1651145420572451&alt=media,KpBTCg==,CKOOkILUtvcCEAE=,1651145420572451,OBJECT_FINALIZE,,JSON_API_V1,micros_sales_raw/mm_revenue_center.csv.gz,projects/_/buckets/data-cube-migration/notificationConfigs/12,2022-04-28T11:30:20.657435Z,data-cube-migration,
storage#object,data-cube-migration/micros_sales_raw/mm_tender_media.csv.gz/1651145421246244,https://www.googleapis.com/storage/v1/b/data-cube-migration/o/micros_sales_raw%2Fmm_tender_media.csv.gz,micros_sales_raw/mm_tender_media.csv.gz,data-cube-migration,1651145421246244,1,text/csv,2022-04-28T11:30:21.333Z,2022-04-28T11:30:21.333Z,STANDARD,2022-04-28T11:30:21.333Z,484475,zU0jC2aD3DwkUagMN3C5Jg==,https://www.googleapis.com/download/storage/v1/b/data-cube-migration/o/micros_sales_raw%2Fmm_tender_media.csv.gz?generation=1651145421246244&alt=media,ETCGuA==,CKSeuYLUtvcCEAE=,1651145421246244,OBJECT_FINALIZE,,JSON_API_V1,micros_sales_raw/mm_tender_media.csv.gz,projects/_/buckets/data-cube-migration/notificationConfigs/12,2022-04-28T11:30:21.333282Z,data-cube-migration,
storage#object,data-cube-migration/micros_sales_raw/mm_uws_station.csv.gz/1651145421585672,https://www.googleapis.com/storage/v1/b/data-cube-migration/o/micros_sales_raw%2Fmm_uws_station.csv.gz,micros_sales_raw/mm_uws_station.csv.gz,data-cube-migration,1651145421585672,1,text/csv,2022-04-28T11:30:21.673Z,2022-04-28T11:30:21.673Z,STANDARD,2022-04-28T11:30:21.673Z,83681,jzI1jd4S/nGPeEfouWVydw==,https://www.googleapis.com/download/storage/v1/b/data-cube-migration/o/micros_sales_raw%2Fmm_uws_station.csv.gz?generation=1651145421585672&alt=media,DkNK6g==,CIj6zYLUtvcCEAE=,1651145421585672,OBJECT_FINALIZE,,JSON_API_V1,micros_sales_raw/mm_uws_station.csv.gz,projects/_/buckets/data-cube-migration/notificationConfigs/12,2022-04-28T11:30:21.673787Z,data-cube-migration,
storage#object,data-cube-migration/micros_sales_raw/mm_menu_item.csv.gz/1651145425933782,https://www.googleapis.com/storage/v1/b/data-cube-migration/o/micros_sales_raw%2Fmm_menu_item.csv.gz,micros_sales_raw/mm_menu_item.csv.gz,data-cube-migration,1651145425933782,1,text/csv,2022-04-28T11:30:26.042Z,2022-04-28T11:30:26.042Z,STANDARD,2022-04-28T11:30:26.042Z,312061396,5Rx4P2Z/lEfiStMYTGtc+g==,https://www.googleapis.com/download/storage/v1/b/data-cube-migration/o/micros_sales_raw%2Fmm_menu_item.csv.gz?generation=1651145425933782&alt=media,34vs9g==,CNar14TUtvcCEAE=,1651145425933782,OBJECT_FINALIZE,,JSON_API_V1,micros_sales_raw/mm_menu_item.csv.gz,projects/_/buckets/data-cube-migration/notificationConfigs/12,2022-04-28T11:30:26.042177Z,data-cube-migration,
storage#object,data-cube-migration/archive/micros_sales_raw/mm_revenue_center.csv.gz/1651148109653456,https://www.googleapis.com/storage/v1/b/data-cube-migration/o/archive%2Fmicros_sales_raw%2Fmm_revenue_center.csv.gz,archive/micros_sales_raw/mm_revenue_center.csv.gz,data-cube-migration,1651148109653456,1,text/csv,2022-04-28T12:15:09.759Z,2022-04-28T12:15:09.759Z,STANDARD,2022-04-28T12:15:09.759Z,39878,V3QsvcRVIoyvaVVmgJlHlw==,https://www.googleapis.com/download/storage/v1/b/data-cube-migration/o/archive%2Fmicros_sales_raw%2Fmm_revenue_center.csv.gz?generation=1651148109653456&alt=media,KpBTCg==,CNDLsITetvcCEAE=,1651148109653456,OBJECT_FINALIZE,,JSON_API_V1,archive/micros_sales_raw/mm_revenue_center.csv.gz,projects/_/buckets/data-cube-migration/notificationConfigs/12,2022-04-28T12:15:09.759235Z,data-cube-migration,1651061714118454
storage#object,data-cube-migration/archive/micros_sales_raw/mm_revenue_center.csv.gz/1651061714118454,https://www.googleapis.com/storage/v1/b/data-cube-migration/o/archive%2Fmicros_sales_raw%2Fmm_revenue_center.csv.gz,archive/micros_sales_raw/mm_revenue_center.csv.gz,data-cube-migration,1651061714118454,1,text/csv,2022-04-27T12:15:14.224Z,2022-04-27T12:15:14.224Z,STANDARD,2022-04-27T12:15:14.224Z,39878,VSHAqjuGahTskWAEr8B0TA==,https://www.googleapis.com/download/storage/v1/b/data-cube-migration/o/archive%2Fmicros_sales_raw%2Fmm_revenue_center.csv.gz?generation=1651061714118454&alt=media,5JyqDw==,CLbO45ectPcCEAE=,1651061714118454,OBJECT_DELETE,1651148109653456,JSON_API_V1,archive/micros_sales_raw/mm_revenue_center.csv.gz,projects/_/buckets/data-cube-migration/notificationConfigs/12,2022-04-28T12:15:09.759235Z,data-cube-migration,
storage#object,data-cube-migration/micros_sales_raw/mm_revenue_center.csv.gz/1651145420572451,https://www.googleapis.com/storage/v1/b/data-cube-migration/o/micros_sales_raw%2Fmm_revenue_center.csv.gz,micros_sales_raw/mm_revenue_center.csv.gz,data-cube-migration,1651145420572451,1,text/csv,2022-04-28T11:30:20.657Z,2022-04-28T11:30:20.657Z,STANDARD,2022-04-28T11:30:20.657Z,39878,V3QsvcRVIoyvaVVmgJlHlw==,https://www.googleapis.com/download/storage/v1/b/data-cube-migration/o/micros_sales_raw%2Fmm_revenue_center.csv.gz?generation=1651145420572451&alt=media,KpBTCg==,CKOOkILUtvcCEAE=,1651145420572451,OBJECT_DELETE,,JSON_API_V1,micros_sales_raw/mm_revenue_center.csv.gz,projects/_/buckets/data-cube-migration/notificationConfigs/12,2022-04-28T12:15:09.964963Z,data-cube-migration,
storage#object,data-cube-migration/errors/micros_sales_raw/mm_menu_item.csv.gz/1651148391852308,https://www.googleapis.com/storage/v1/b/data-cube-migration/o/errors%2Fmicros_sales_raw%2Fmm_menu_item.csv.gz,errors/micros_sales_raw/mm_menu_item.csv.gz,data-cube-migration,1651148391852308,1,text/csv,2022-04-28T12:19:51.974Z,2022-04-28T12:19:51.974Z,STANDARD,2022-04-28T12:19:51.974Z,312061396,5Rx4P2Z/lEfiStMYTGtc+g==,https://www.googleapis.com/download/storage/v1/b/data-cube-migration/o/errors%2Fmicros_sales_raw%2Fmm_menu_item.csv.gz?generation=1651148391852308&alt=media,34vs9g==,CJTS+IrftvcCEAE=,1651148391852308,OBJECT_FINALIZE,,JSON_API_V1,errors/micros_sales_raw/mm_menu_item.csv.gz,projects/_/buckets/data-cube-migration/notificationConfigs/12,2022-04-28T12:19:51.974782Z,data-cube-migration,1651061985065705
storage#object,data-cube-migration/micros_sales_raw/mm_menu_item.csv.gz/1651145425933782,https://www.googleapis.com/storage/v1/b/data-cube-migration/o/micros_sales_raw%2Fmm_menu_item.csv.gz,micros_sales_raw/mm_menu_item.csv.gz,data-cube-migration,1651145425933782,1,text/csv,2022-04-28T11:30:26.042Z,2022-04-28T11:30:26.042Z,STANDARD,2022-04-28T11:30:26.042Z,312061396,5Rx4P2Z/lEfiStMYTGtc+g==,https://www.googleapis.com/download/storage/v1/b/data-cube-migration/o/micros_sales_raw%2Fmm_menu_item.csv.gz?generation=1651145425933782&alt=media,34vs9g==,CNar14TUtvcCEAE=,1651145425933782,OBJECT_DELETE,,JSON_API_V1,micros_sales_raw/mm_menu_item.csv.gz,projects/_/buckets/data-cube-migration/notificationConfigs/12,2022-04-28T12:19:52.197049Z,data-cube-migration,
storage#object,data-cube-migration/errors/micros_sales_raw/mm_menu_item.csv.gz/1651061985065705,https://www.googleapis.com/storage/v1/b/data-cube-migration/o/errors%2Fmicros_sales_raw%2Fmm_menu_item.csv.gz,errors/micros_sales_raw/mm_menu_item.csv.gz,data-cube-migration,1651061985065705,1,text/csv,2022-04-27T12:19:45.186Z,2022-04-27T12:19:45.186Z,STANDARD,2022-04-27T12:19:45.186Z,312048936,46oisbSQzAVT4HT5KMQBqg==,https://www.googleapis.com/download/storage/v1/b/data-cube-migration/o/errors%2Fmicros_sales_raw%2Fmm_menu_item.csv.gz?generation=1651061985065705&alt=media,RwJbjg==,COn1/JidtPcCEAE=,1651061985065705,OBJECT_DELETE,1651148391852308,JSON_API_V1,errors/micros_sales_raw/mm_menu_item.csv.gz,projects/_/buckets/data-cube-migration/notificationConfigs/12,2022-04-28T12:19:51.974782Z,data-cube-migration,
storage#object,data-cube-migration/archive/micros_sales_raw/mm_service_charge.csv.gz/1651148404155382,https://www.googleapis.com/storage/v1/b/data-cube-migration/o/archive%2Fmicros_sales_raw%2Fmm_service_charge.csv.gz,archive/micros_sales_raw/mm_service_charge.csv.gz,data-cube-migration,1651148404155382,1,text/csv,2022-04-28T12:20:04.252Z,2022-04-28T12:20:04.252Z,STANDARD,2022-04-28T12:20:04.252Z,288704,lIHmY8tDNiB66JTQo5ZR+Q==,https://www.googleapis.com/download/storage/v1/b/data-cube-migration/o/archive%2Fmicros_sales_raw%2Fmm_service_charge.csv.gz?generation=1651148404155382&alt=media,xaCqRg==,CPbH55DftvcCEAE=,1651148404155382,OBJECT_FINALIZE,,JSON_API_V1,archive/micros_sales_raw/mm_service_charge.csv.gz,projects/_/buckets/data-cube-migration/notificationConfigs/12,2022-04-28T12:20:04.252419Z,data-cube-migration,1651061998777316
storage#object,data-cube-migration/archive/micros_sales_raw/mm_service_charge.csv.gz/1651061998777316,https://www.googleapis.com/storage/v1/b/data-cube-migration/o/archive%2Fmicros_sales_raw%2Fmm_service_charge.csv.gz,archive/micros_sales_raw/mm_service_charge.csv.gz,data-cube-migration,1651061998777316,1,text/csv,2022-04-27T12:19:58.877Z,2022-04-27T12:19:58.877Z,STANDARD,2022-04-27T12:19:58.877Z,288704,n4FC+NwFii1E2wKT56yWGA==,https://www.googleapis.com/download/storage/v1/b/data-cube-migration/o/archive%2Fmicros_sales_raw%2Fmm_service_charge.csv.gz?generation=1651061998777316&alt=media,mtRJuA==,COTnwZ+dtPcCEAE=,1651061998777316,OBJECT_DELETE,1651148404155382,JSON_API_V1,archive/micros_sales_raw/mm_service_charge.csv.gz,projects/_/buckets/data-cube-migration/notificationConfigs/12,2022-04-28T12:20:04.252419Z,data-cube-migration,
storage#object,data-cube-migration/micros_sales_raw/mm_service_charge.csv.gz/1651145420905362,https://www.googleapis.com/storage/v1/b/data-cube-migration/o/micros_sales_raw%2Fmm_service_charge.csv.gz,micros_sales_raw/mm_service_charge.csv.gz,data-cube-migration,1651145420905362,1,text/csv,2022-04-28T11:30:21.010Z,2022-04-28T11:30:21.010Z,STANDARD,2022-04-28T11:30:21.010Z,288704,lIHmY8tDNiB66JTQo5ZR+Q==,https://www.googleapis.com/download/storage/v1/b/data-cube-migration/o/micros_sales_raw%2Fmm_service_charge.csv.gz?generation=1651145420905362&alt=media,xaCqRg==,CJK3pILUtvcCEAE=,1651145420905362,OBJECT_DELETE,,JSON_API_V1,micros_sales_raw/mm_service_charge.csv.gz,projects/_/buckets/data-cube-migration/notificationConfigs/12,2022-04-28T12:20:04.449301Z,data-cube-migration,
storage#object,data-cube-migration/archive/micros_sales_raw/mm_tender_media.csv.gz/1651062008515087,https://www.googleapis.com/storage/v1/b/data-cube-migration/o/archive%2Fmicros_sales_raw%2Fmm_tender_media.csv.gz,archive/micros_sales_raw/mm_tender_media.csv.gz,data-cube-migration,1651062008515087,1,text/csv,2022-04-27T12:20:08.614Z,2022-04-27T12:20:08.614Z,STANDARD,2022-04-27T12:20:08.614Z,484475,jynV8u+NsovJHQCebFM3sQ==,https://www.googleapis.com/download/storage/v1/b/data-cube-migration/o/archive%2Fmicros_sales_raw%2Fmm_tender_media.csv.gz?generation=1651062008515087&alt=media,Ul6cpA==,CI+UlKSdtPcCEAE=,1651062008515087,OBJECT_DELETE,1651148414220104,JSON_API_V1,archive/micros_sales_raw/mm_tender_media.csv.gz,projects/_/buckets/data-cube-migration/notificationConfigs/12,2022-04-28T12:20:14.322583Z,data-cube-migration,
storage#object,data-cube-migration/archive/micros_sales_raw/mm_tender_media.csv.gz/1651148414220104,https://www.googleapis.com/storage/v1/b/data-cube-migration/o/archive%2Fmicros_sales_raw%2Fmm_tender_media.csv.gz,archive/micros_sales_raw/mm_tender_media.csv.gz,data-cube-migration,1651148414220104,1,text/csv,2022-04-28T12:20:14.322Z,2022-04-28T12:20:14.322Z,STANDARD,2022-04-28T12:20:14.322Z,484475,zU0jC2aD3DwkUagMN3C5Jg==,https://www.googleapis.com/download/storage/v1/b/data-cube-migration/o/archive%2Fmicros_sales_raw%2Fmm_tender_media.csv.gz?generation=1651148414220104&alt=media,ETCGuA==,CMjuzZXftvcCEAE=,1651148414220104,OBJECT_FINALIZE,,JSON_API_V1,archive/micros_sales_raw/mm_tender_media.csv.gz,projects/_/buckets/data-cube-migration/notificationConfigs/12,2022-04-28T12:20:14.322583Z,data-cube-migration,1651062008515087
storage#object,data-cube-migration/micros_sales_raw/mm_tender_media.csv.gz/1651145421246244,https://www.googleapis.com/storage/v1/b/data-cube-migration/o/micros_sales_raw%2Fmm_tender_media.csv.gz,micros_sales_raw/mm_tender_media.csv.gz,data-cube-migration,1651145421246244,1,text/csv,2022-04-28T11:30:21.333Z,2022-04-28T11:30:21.333Z,STANDARD,2022-04-28T11:30:21.333Z,484475,zU0jC2aD3DwkUagMN3C5Jg==,https://www.googleapis.com/download/storage/v1/b/data-cube-migration/o/micros_sales_raw%2Fmm_tender_media.csv.gz?generation=1651145421246244&alt=media,ETCGuA==,CKSeuYLUtvcCEAE=,1651145421246244,OBJECT_DELETE,,JSON_API_V1,micros_sales_raw/mm_tender_media.csv.gz,projects/_/buckets/data-cube-migration/notificationConfigs/12,2022-04-28T12:20:14.524684Z,data-cube-migration,
storage#object,data-cube-migration/archive/micros_sales_raw/mm_order_type.csv.gz/1651062019847184,https://www.googleapis.com/storage/v1/b/data-cube-migration/o/archive%2Fmicros_sales_raw%2Fmm_order_type.csv.gz,archive/micros_sales_raw/mm_order_type.csv.gz,data-cube-migration,1651062019847184,1,text/csv,2022-04-27T12:20:19.950Z,2022-04-27T12:20:19.950Z,STANDARD,2022-04-27T12:20:19.950Z,48594,Ilx1ebd+CR0K9YNCBClUgg==,https://www.googleapis.com/download/storage/v1/b/data-cube-migration/o/archive%2Fmicros_sales_raw%2Fmm_order_type.csv.gz?generation=1651062019847184&alt=media,6NJ+Jg==,CJDox6mdtPcCEAE=,1651062019847184,OBJECT_DELETE,1651148419145710,JSON_API_V1,archive/micros_sales_raw/mm_order_type.csv.gz,projects/_/buckets/data-cube-migration/notificationConfigs/12,2022-04-28T12:20:19.250057Z,data-cube-migration,
storage#object,data-cube-migration/micros_sales_raw/mm_order_type.csv.gz/1651145420277813,https://www.googleapis.com/storage/v1/b/data-cube-migration/o/micros_sales_raw%2Fmm_order_type.csv.gz,micros_sales_raw/mm_order_type.csv.gz,data-cube-migration,1651145420277813,1,text/csv,2022-04-28T11:30:20.366Z,2022-04-28T11:30:20.366Z,STANDARD,2022-04-28T11:30:20.366Z,48594,07XmG8kHZYSVGoZM15VZSA==,https://www.googleapis.com/download/storage/v1/b/data-cube-migration/o/micros_sales_raw%2Fmm_order_type.csv.gz?generation=1651145420277813&alt=media,cEaoYw==,CLWQ/oHUtvcCEAE=,1651145420277813,OBJECT_DELETE,,JSON_API_V1,micros_sales_raw/mm_order_type.csv.gz,projects/_/buckets/data-cube-migration/notificationConfigs/12,2022-04-28T12:20:19.460445Z,data-cube-migration,
storage#object,data-cube-migration/archive/micros_sales_raw/mm_order_type.csv.gz/1651148419145710,https://www.googleapis.com/storage/v1/b/data-cube-migration/o/archive%2Fmicros_sales_raw%2Fmm_order_type.csv.gz,archive/micros_sales_raw/mm_order_type.csv.gz,data-cube-migration,1651148419145710,1,text/csv,2022-04-28T12:20:19.250Z,2022-04-28T12:20:19.250Z,STANDARD,2022-04-28T12:20:19.250Z,48594,07XmG8kHZYSVGoZM15VZSA==,https://www.googleapis.com/download/storage/v1/b/data-cube-migration/o/archive%2Fmicros_sales_raw%2Fmm_order_type.csv.gz?generation=1651148419145710&alt=media,cEaoYw==,CO6/+pfftvcCEAE=,1651148419145710,OBJECT_FINALIZE,,JSON_API_V1,archive/micros_sales_raw/mm_order_type.csv.gz,projects/_/buckets/data-cube-migration/notificationConfigs/12,2022-04-28T12:20:19.250057Z,data-cube-migration,1651062019847184
storage#object,data-cube-migration/archive/micros_sales_raw/mm_uws_station.csv.gz/1651148424338156,https://www.googleapis.com/storage/v1/b/data-cube-migration/o/archive%2Fmicros_sales_raw%2Fmm_uws_station.csv.gz,archive/micros_sales_raw/mm_uws_station.csv.gz,data-cube-migration,1651148424338156,1,text/csv,2022-04-28T12:20:24.438Z,2022-04-28T12:20:24.438Z,STANDARD,2022-04-28T12:20:24.438Z,83681,jzI1jd4S/nGPeEfouWVydw==,https://www.googleapis.com/download/storage/v1/b/data-cube-migration/o/archive%2Fmicros_sales_raw%2Fmm_uws_station.csv.gz?generation=1651148424338156&alt=media,DkNK6g==,COy1t5rftvcCEAE=,1651148424338156,OBJECT_FINALIZE,,JSON_API_V1,archive/micros_sales_raw/mm_uws_station.csv.gz,projects/_/buckets/data-cube-migration/notificationConfigs/12,2022-04-28T12:20:24.438620Z,data-cube-migration,1651062027708747
storage#object,data-cube-migration/archive/micros_sales_raw/mm_uws_station.csv.gz/1651062027708747,https://www.googleapis.com/storage/v1/b/data-cube-migration/o/archive%2Fmicros_sales_raw%2Fmm_uws_station.csv.gz,archive/micros_sales_raw/mm_uws_station.csv.gz,data-cube-migration,1651062027708747,1,text/csv,2022-04-27T12:20:27.812Z,2022-04-27T12:20:27.812Z,STANDARD,2022-04-27T12:20:27.812Z,83681,hQeWlxhTRHm9iDRh7MlDdQ==,https://www.googleapis.com/download/storage/v1/b/data-cube-migration/o/archive%2Fmicros_sales_raw%2Fmm_uws_station.csv.gz?generation=1651062027708747&alt=media,oQutrg==,CMvSp62dtPcCEAE=,1651062027708747,OBJECT_DELETE,1651148424338156,JSON_API_V1,archive/micros_sales_raw/mm_uws_station.csv.gz,projects/_/buckets/data-cube-migration/notificationConfigs/12,2022-04-28T12:20:24.438620Z,data-cube-migration,
storage#object,data-cube-migration/micros_sales_raw/mm_uws_station.csv.gz/1651145421585672,https://www.googleapis.com/storage/v1/b/data-cube-migration/o/micros_sales_raw%2Fmm_uws_station.csv.gz,micros_sales_raw/mm_uws_station.csv.gz,data-cube-migration,1651145421585672,1,text/csv,2022-04-28T11:30:21.673Z,2022-04-28T11:30:21.673Z,STANDARD,2022-04-28T11:30:21.673Z,83681,jzI1jd4S/nGPeEfouWVydw==,https://www.googleapis.com/download/storage/v1/b/data-cube-migration/o/micros_sales_raw%2Fmm_uws_station.csv.gz?generation=1651145421585672&alt=media,DkNK6g==,CIj6zYLUtvcCEAE=,1651145421585672,OBJECT_DELETE,,JSON_API_V1,micros_sales_raw/mm_uws_station.csv.gz,projects/_/buckets/data-cube-migration/notificationConfigs/12,2022-04-28T12:20:24.643252Z,data-cube-migration,
storage#object,data-cube-migration/thekeg_sales_raw/kg_sales_2022042120220427.csv.gz/1651141875359756,https://www.googleapis.com/storage/v1/b/data-cube-migration/o/thekeg_sales_raw%2Fkg_sales_2022042120220427.csv.gz,thekeg_sales_raw/kg_sales_2022042120220427.csv.gz,data-cube-migration,1651141875359756,1,text/csv,2022-04-28T10:31:15.449Z,2022-04-28T10:31:15.449Z,STANDARD,2022-04-28T10:31:15.449Z,102555,81xIEyjsEpbTOTefpGVrzA==,https://www.googleapis.com/download/storage/v1/b/data-cube-migration/o/thekeg_sales_raw%2Fkg_sales_2022042120220427.csv.gz?generation=1651141875359756&alt=media,dURl+w==,CIzA0efGtvcCEAE=,1651141875359756,OBJECT_DELETE,,JSON_API_V1,thekeg_sales_raw/kg_sales_2022042120220427.csv.gz,projects/_/buckets/data-cube-migration/notificationConfigs/12,2022-04-28T13:30:29.460898Z,data-cube-migration,
storage#object,data-cube-migration/rcp_summary/rcp_sales_2022012820220427.csv.gz/1651150203336657,https://www.googleapis.com/storage/v1/b/data-cube-migration/o/rcp_summary%2Frcp_sales_2022012820220427.csv.gz,rcp_summary/rcp_sales_2022012820220427.csv.gz,data-cube-migration,1651150203336657,1,text/csv,2022-04-28T12:50:03.425Z,2022-04-28T12:50:03.425Z,STANDARD,2022-04-28T12:50:03.425Z,2907234,sdtMXusxav00mPuFUHgOTA==,https://www.googleapis.com/download/storage/v1/b/data-cube-migration/o/rcp_summary%2Frcp_sales_2022012820220427.csv.gz?generation=1651150203336657&alt=media,IJD2eg==,CNHv3OrltvcCEAE=,1651150203336657,OBJECT_FINALIZE,,JSON_API_V1,rcp_summary/rcp_sales_2022012820220427.csv.gz,projects/_/buckets/data-cube-migration/notificationConfigs/12,2022-04-28T12:50:03.425714Z,data-cube-migration,
storage#object,data-cube-migration/archive/thekeg_sales_raw/kg_sales_2022042120220427.csv.gz/1651152629141893,https://www.googleapis.com/storage/v1/b/data-cube-migration/o/archive%2Fthekeg_sales_raw%2Fkg_sales_2022042120220427.csv.gz,archive/thekeg_sales_raw/kg_sales_2022042120220427.csv.gz,data-cube-migration,1651152629141893,1,text/csv,2022-04-28T13:30:29.242Z,2022-04-28T13:30:29.242Z,STANDARD,2022-04-28T13:30:29.242Z,102555,81xIEyjsEpbTOTefpGVrzA==,https://www.googleapis.com/download/storage/v1/b/data-cube-migration/o/archive%2Fthekeg_sales_raw%2Fkg_sales_2022042120220427.csv.gz?generation=1651152629141893&alt=media,dURl+w==,CIWjuO/utvcCEAE=,1651152629141893,OBJECT_FINALIZE,,JSON_API_V1,archive/thekeg_sales_raw/kg_sales_2022042120220427.csv.gz,projects/_/buckets/data-cube-migration/notificationConfigs/12,2022-04-28T13:30:29.242363Z,data-cube-migration,
storage#object,data-cube-migration/archive/sth_sales_raw/st_sales_daily_2022042120220427.csv.gz/1651152630895365,https://www.googleapis.com/storage/v1/b/data-cube-migration/o/archive%2Fsth_sales_raw%2Fst_sales_daily_2022042120220427.csv.gz,archive/sth_sales_raw/st_sales_daily_2022042120220427.csv.gz,data-cube-migration,1651152630895365,1,text/csv,2022-04-28T13:30:30.988Z,2022-04-28T13:30:30.988Z,STANDARD,2022-04-28T13:30:30.988Z,86383,852kRFZfqB/SpYqnJf2ICQ==,https://www.googleapis.com/download/storage/v1/b/data-cube-migration/o/archive%2Fsth_sales_raw%2Fst_sales_daily_2022042120220427.csv.gz?generation=1651152630895365&alt=media,ghD41A==,CIWmo/DutvcCEAE=,1651152630895365,OBJECT_FINALIZE,,JSON_API_V1,archive/sth_sales_raw/st_sales_daily_2022042120220427.csv.gz,projects/_/buckets/data-cube-migration/notificationConfigs/12,2022-04-28T13:30:30.988433Z,data-cube-migration,
storage#object,data-cube-migration/sth_sales_raw/st_sales_daily_2022042120220427.csv.gz/1651143065897362,https://www.googleapis.com/storage/v1/b/data-cube-migration/o/sth_sales_raw%2Fst_sales_daily_2022042120220427.csv.gz,sth_sales_raw/st_sales_daily_2022042120220427.csv.gz,data-cube-migration,1651143065897362,1,text/csv,2022-04-28T10:51:05.985Z,2022-04-28T10:51:05.985Z,STANDARD,2022-04-28T10:51:05.985Z,86383,852kRFZfqB/SpYqnJf2ICQ==,https://www.googleapis.com/download/storage/v1/b/data-cube-migration/o/sth_sales_raw%2Fst_sales_daily_2022042120220427.csv.gz?generation=1651143065897362&alt=media,ghD41A==,CJKTqp/LtvcCEAE=,1651143065897362,OBJECT_DELETE,,JSON_API_V1,sth_sales_raw/st_sales_daily_2022042120220427.csv.gz,projects/_/buckets/data-cube-migration/notificationConfigs/12,2022-04-28T13:30:31.188045Z,data-cube-migration,
storage#object,data-cube-migration/archive/burger_priest_sales_raw/bp_viv_sales_2022042120220427.csv.gz/1651152632771620,https://www.googleapis.com/storage/v1/b/data-cube-migration/o/archive%2Fburger_priest_sales_raw%2Fbp_viv_sales_2022042120220427.csv.gz,archive/burger_priest_sales_raw/bp_viv_sales_2022042120220427.csv.gz,data-cube-migration,1651152632771620,1,text/csv,2022-04-28T13:30:32.863Z,2022-04-28T13:30:32.863Z,STANDARD,2022-04-28T13:30:32.863Z,54,zdYOEZTzfo9swQ5a8yrmPQ==,https://www.googleapis.com/download/storage/v1/b/data-cube-migration/o/archive%2Fburger_priest_sales_raw%2Fbp_viv_sales_2022042120220427.csv.gz?generation=1651152632771620&alt=media,GsL/Qg==,CKTolfHutvcCEAE=,1651152632771620,OBJECT_FINALIZE,,JSON_API_V1,archive/burger_priest_sales_raw/bp_viv_sales_2022042120220427.csv.gz,projects/_/buckets/data-cube-migration/notificationConfigs/12,2022-04-28T13:30:32.863268Z,data-cube-migration,
storage#object,data-cube-migration/burger_priest_sales_raw/bp_viv_sales_2022042120220427.csv.gz/1651141886269451,https://www.googleapis.com/storage/v1/b/data-cube-migration/o/burger_priest_sales_raw%2Fbp_viv_sales_2022042120220427.csv.gz,burger_priest_sales_raw/bp_viv_sales_2022042120220427.csv.gz,data-cube-migration,1651141886269451,1,text/csv,2022-04-28T10:31:26.353Z,2022-04-28T10:31:26.353Z,STANDARD,2022-04-28T10:31:26.353Z,54,zdYOEZTzfo9swQ5a8yrmPQ==,https://www.googleapis.com/download/storage/v1/b/data-cube-migration/o/burger_priest_sales_raw%2Fbp_viv_sales_2022042120220427.csv.gz?generation=1651141886269451&alt=media,GsL/Qg==,CIuw6+zGtvcCEAE=,1651141886269451,OBJECT_DELETE,,JSON_API_V1,burger_priest_sales_raw/bp_viv_sales_2022042120220427.csv.gz,projects/_/buckets/data-cube-migration/notificationConfigs/12,2022-04-28T13:30:33.085824Z,data-cube-migration,
storage#object,data-cube-migration/sth_sales_raw/st_sales_sectors.csv.gz/1651143082758945,https://www.googleapis.com/storage/v1/b/data-cube-migration/o/sth_sales_raw%2Fst_sales_sectors.csv.gz,sth_sales_raw/st_sales_sectors.csv.gz,data-cube-migration,1651143082758945,1,text/csv,2022-04-28T10:51:22.848Z,2022-04-28T10:51:22.848Z,STANDARD,2022-04-28T10:51:22.848Z,465,mbRXxLX0aw06N2rEnVNglQ==,https://www.googleapis.com/download/storage/v1/b/data-cube-migration/o/sth_sales_raw%2Fst_sales_sectors.csv.gz?generation=1651143082758945&alt=media,6fcK2g==,CKGmr6fLtvcCEAE=,1651143082758945,OBJECT_DELETE,,JSON_API_V1,sth_sales_raw/st_sales_sectors.csv.gz,projects/_/buckets/data-cube-migration/notificationConfigs/12,2022-04-28T13:30:37.712440Z,data-cube-migration,
storage#object,data-cube-migration/archive/sth_sales_raw/st_sales_sectors.csv.gz/1651152637394495,https://www.googleapis.com/storage/v1/b/data-cube-migration/o/archive%2Fsth_sales_raw%2Fst_sales_sectors.csv.gz,archive/sth_sales_raw/st_sales_sectors.csv.gz,data-cube-migration,1651152637394495,1,text/csv,2022-04-28T13:30:37.501Z,2022-04-28T13:30:37.501Z,STANDARD,2022-04-28T13:30:37.501Z,465,mbRXxLX0aw06N2rEnVNglQ==,https://www.googleapis.com/download/storage/v1/b/data-cube-migration/o/archive%2Fsth_sales_raw%2Fst_sales_sectors.csv.gz?generation=1651152637394495&alt=media,6fcK2g==,CL/8r/PutvcCEAE=,1651152637394495,OBJECT_FINALIZE,,JSON_API_V1,archive/sth_sales_raw/st_sales_sectors.csv.gz,projects/_/buckets/data-cube-migration/notificationConfigs/12,2022-04-28T13:30:37.501426Z,data-cube-migration,1651066240033468
storage#object,data-cube-migration/archive/sth_sales_raw/st_sales_sectors.csv.gz/1651066240033468,https://www.googleapis.com/storage/v1/b/data-cube-migration/o/archive%2Fsth_sales_raw%2Fst_sales_sectors.csv.gz,archive/sth_sales_raw/st_sales_sectors.csv.gz,data-cube-migration,1651066240033468,1,text/csv,2022-04-27T13:30:40.136Z,2022-04-27T13:30:40.136Z,STANDARD,2022-04-27T13:30:40.136Z,465,dqkyBRXeg/j9fDMCdL6zrQ==,https://www.googleapis.com/download/storage/v1/b/data-cube-migration/o/archive%2Fsth_sales_raw%2Fst_sales_sectors.csv.gz?generation=1651066240033468&alt=media,6OQN4w==,CLzF84WttPcCEAE=,1651066240033468,OBJECT_DELETE,1651152637394495,JSON_API_V1,archive/sth_sales_raw/st_sales_sectors.csv.gz,projects/_/buckets/data-cube-migration/notificationConfigs/12,2022-04-28T13:30:37.501426Z,data-cube-migration,
storage#object,data-cube-migration/speed_of_service/dt_sos_2022042120220427.csv.gz/1651141873534063,https://www.googleapis.com/storage/v1/b/data-cube-migration/o/speed_of_service%2Fdt_sos_2022042120220427.csv.gz,speed_of_service/dt_sos_2022042120220427.csv.gz,data-cube-migration,1651141873534063,1,text/csv,2022-04-28T10:31:13.622Z,2022-04-28T10:31:13.622Z,STANDARD,2022-04-28T10:31:13.622Z,2872246,Y7IQ5x3BWvRRW62UQcZArg==,https://www.googleapis.com/download/storage/v1/b/data-cube-migration/o/speed_of_service%2Fdt_sos_2022042120220427.csv.gz?generation=1651141873534063&alt=media,YCkqZw==,CO+I4ubGtvcCEAE=,1651141873534063,OBJECT_DELETE,,JSON_API_V1,speed_of_service/dt_sos_2022042120220427.csv.gz,projects/_/buckets/data-cube-migration/notificationConfigs/12,2022-04-28T13:30:38.380538Z,data-cube-migration,
storage#object,data-cube-migration/archive/speed_of_service/dt_sos_2022042120220427.csv.gz/1651152638069550,https://www.googleapis.com/storage/v1/b/data-cube-migration/o/archive%2Fspeed_of_service%2Fdt_sos_2022042120220427.csv.gz,archive/speed_of_service/dt_sos_2022042120220427.csv.gz,data-cube-migration,1651152638069550,1,text/csv,2022-04-28T13:30:38.167Z,2022-04-28T13:30:38.167Z,STANDARD,2022-04-28T13:30:38.167Z,2872246,Y7IQ5x3BWvRRW62UQcZArg==,https://www.googleapis.com/download/storage/v1/b/data-cube-migration/o/archive%2Fspeed_of_service%2Fdt_sos_2022042120220427.csv.gz?generation=1651152638069550&alt=media,YCkqZw==,CK6W2fPutvcCEAE=,1651152638069550,OBJECT_FINALIZE,,JSON_API_V1,archive/speed_of_service/dt_sos_2022042120220427.csv.gz,projects/_/buckets/data-cube-migration/notificationConfigs/12,2022-04-28T13:30:38.167443Z,data-cube-migration,
storage#object,data-cube-migration/archive/burger_priest_sales_raw/bp_viv_employee.csv.gz/1651152638506621,https://www.googleapis.com/storage/v1/b/data-cube-migration/o/archive%2Fburger_priest_sales_raw%2Fbp_viv_employee.csv.gz,archive/burger_priest_sales_raw/bp_viv_employee.csv.gz,data-cube-migration,1651152638506621,1,text/csv,2022-04-28T13:30:38.628Z,2022-04-28T13:30:38.628Z,STANDARD,2022-04-28T13:30:38.628Z,59868,aBt8+Avrt1/CaRoqexWoHA==,https://www.googleapis.com/download/storage/v1/b/data-cube-migration/o/archive%2Fburger_priest_sales_raw%2Fbp_viv_employee.csv.gz?generation=1651152638506621&alt=media,bCTT0g==,CP3s8/PutvcCEAE=,1651152638506621,OBJECT_FINALIZE,,JSON_API_V1,archive/burger_priest_sales_raw/bp_viv_employee.csv.gz,projects/_/buckets/data-cube-migration/notificationConfigs/12,2022-04-28T13:30:38.628820Z,data-cube-migration,1651066242318624
storage#object,data-cube-migration/archive/burger_priest_sales_raw/bp_viv_employee.csv.gz/1651066242318624,https://www.googleapis.com/storage/v1/b/data-cube-migration/o/archive%2Fburger_priest_sales_raw%2Fbp_viv_employee.csv.gz,archive/burger_priest_sales_raw/bp_viv_employee.csv.gz,data-cube-migration,1651066242318624,1,text/csv,2022-04-27T13:30:42.422Z,2022-04-27T13:30:42.422Z,STANDARD,2022-04-27T13:30:42.422Z,59868,YbjFRay5Ypq020bIA5LqqA==,https://www.googleapis.com/download/storage/v1/b/data-cube-migration/o/archive%2Fburger_priest_sales_raw%2Fbp_viv_employee.csv.gz?generation=1651066242318624&alt=media,0sZOiQ==,CKCC/4attPcCEAE=,1651066242318624,OBJECT_DELETE,1651152638506621,JSON_API_V1,archive/burger_priest_sales_raw/bp_viv_employee.csv.gz,projects/_/buckets/data-cube-migration/notificationConfigs/12,2022-04-28T13:30:38.628820Z,data-cube-migration,
storage#object,data-cube-migration/burger_priest_sales_raw/bp_viv_employee.csv.gz/1651141886006589,https://www.googleapis.com/storage/v1/b/data-cube-migration/o/burger_priest_sales_raw%2Fbp_viv_employee.csv.gz,burger_priest_sales_raw/bp_viv_employee.csv.gz,data-cube-migration,1651141886006589,1,text/csv,2022-04-28T10:31:26.099Z,2022-04-28T10:31:26.099Z,STANDARD,2022-04-28T10:31:26.099Z,59868,aBt8+Avrt1/CaRoqexWoHA==,https://www.googleapis.com/download/storage/v1/b/data-cube-migration/o/burger_priest_sales_raw%2Fbp_viv_employee.csv.gz?generation=1651141886006589&alt=media,bCTT0g==,CL2q2+zGtvcCEAE=,1651141886006589,OBJECT_DELETE,,JSON_API_V1,burger_priest_sales_raw/bp_viv_employee.csv.gz,projects/_/buckets/data-cube-migration/notificationConfigs/12,2022-04-28T13:30:38.855440Z,data-cube-migration,
storage#object,data-cube-migration/archive/burger_priest_sales_raw/bp_viv_menu_categories.csv.gz/1651152643390274,https://www.googleapis.com/storage/v1/b/data-cube-migration/o/archive%2Fburger_priest_sales_raw%2Fbp_viv_menu_categories.csv.gz,archive/burger_priest_sales_raw/bp_viv_menu_categories.csv.gz,data-cube-migration,1651152643390274,1,text/csv,2022-04-28T13:30:43.499Z,2022-04-28T13:30:43.499Z,STANDARD,2022-04-28T13:30:43.499Z,7300,aGxa8SqWSS6cwekzzOt1ow==,https://www.googleapis.com/download/storage/v1/b/data-cube-migration/o/archive%2Fburger_priest_sales_raw%2Fbp_viv_menu_categories.csv.gz?generation=1651152643390274&alt=media,5uCx0g==,CML2nfbutvcCEAE=,1651152643390274,OBJECT_FINALIZE,,JSON_API_V1,archive/burger_priest_sales_raw/bp_viv_menu_categories.csv.gz,projects/_/buckets/data-cube-migration/notificationConfigs/12,2022-04-28T13:30:43.499230Z,data-cube-migration,1651066254186826
storage#object,data-cube-migration/archive/burger_priest_sales_raw/bp_viv_menu_categories.csv.gz/1651066254186826,https://www.googleapis.com/storage/v1/b/data-cube-migration/o/archive%2Fburger_priest_sales_raw%2Fbp_viv_menu_categories.csv.gz,archive/burger_priest_sales_raw/bp_viv_menu_categories.csv.gz,data-cube-migration,1651066254186826,1,text/csv,2022-04-27T13:30:54.296Z,2022-04-27T13:30:54.296Z,STANDARD,2022-04-27T13:30:54.296Z,7300,Ek5uqHsBW96qp+sZBfWNPA==,https://www.googleapis.com/download/storage/v1/b/data-cube-migration/o/archive%2Fburger_priest_sales_raw%2Fbp_viv_menu_categories.csv.gz?generation=1651066254186826&alt=media,kl255A==,CMqy04yttPcCEAE=,1651066254186826,OBJECT_DELETE,1651152643390274,JSON_API_V1,archive/burger_priest_sales_raw/bp_viv_menu_categories.csv.gz,projects/_/buckets/data-cube-migration/notificationConfigs/12,2022-04-28T13:30:43.499230Z,data-cube-migration,
storage#object,data-cube-migration/burger_priest_sales_raw/bp_viv_menu_categories.csv.gz/1651141872858027,https://www.googleapis.com/storage/v1/b/data-cube-migration/o/burger_priest_sales_raw%2Fbp_viv_menu_categories.csv.gz,burger_priest_sales_raw/bp_viv_menu_categories.csv.gz,data-cube-migration,1651141872858027,1,text/csv,2022-04-28T10:31:12.943Z,2022-04-28T10:31:12.943Z,STANDARD,2022-04-28T10:31:12.943Z,7300,aGxa8SqWSS6cwekzzOt1ow==,https://www.googleapis.com/download/storage/v1/b/data-cube-migration/o/burger_priest_sales_raw%2Fbp_viv_menu_categories.csv.gz?generation=1651141872858027&alt=media,5uCx0g==,CKvnuObGtvcCEAE=,1651141872858027,OBJECT_DELETE,,JSON_API_V1,burger_priest_sales_raw/bp_viv_menu_categories.csv.gz,projects/_/buckets/data-cube-migration/notificationConfigs/12,2022-04-28T13:30:43.707307Z,data-cube-migration,
storage#object,data-cube-migration/archive/nyf_sales_raw/ny_orders_2022042120220427.csv.gz/1651152649033715,https://www.googleapis.com/storage/v1/b/data-cube-migration/o/archive%2Fnyf_sales_raw%2Fny_orders_2022042120220427.csv.gz,archive/nyf_sales_raw/ny_orders_2022042120220427.csv.gz,data-cube-migration,1651152649033715,1,text/csv,2022-04-28T13:30:49.123Z,2022-04-28T13:30:49.123Z,STANDARD,2022-04-28T13:30:49.123Z,3958648,ZQmNHgFQrgpnXi3b8huAaQ==,https://www.googleapis.com/download/storage/v1/b/data-cube-migration/o/archive%2Fnyf_sales_raw%2Fny_orders_2022042120220427.csv.gz?generation=1651152649033715&alt=media,1XVqUg==,CPOv9vjutvcCEAE=,1651152649033715,OBJECT_FINALIZE,,JSON_API_V1,archive/nyf_sales_raw/ny_orders_2022042120220427.csv.gz,projects/_/buckets/data-cube-migration/notificationConfigs/12,2022-04-28T13:30:49.123088Z,data-cube-migration,
storage#object,data-cube-migration/nyf_sales_raw/ny_orders_2022042120220427.csv.gz/1651141890140714,https://www.googleapis.com/storage/v1/b/data-cube-migration/o/nyf_sales_raw%2Fny_orders_2022042120220427.csv.gz,nyf_sales_raw/ny_orders_2022042120220427.csv.gz,data-cube-migration,1651141890140714,1,text/csv,2022-04-28T10:31:30.224Z,2022-04-28T10:31:30.224Z,STANDARD,2022-04-28T10:31:30.224Z,3958648,ZQmNHgFQrgpnXi3b8huAaQ==,https://www.googleapis.com/download/storage/v1/b/data-cube-migration/o/nyf_sales_raw%2Fny_orders_2022042120220427.csv.gz?generation=1651141890140714&alt=media,1XVqUg==,CKrU1+7GtvcCEAE=,1651141890140714,OBJECT_DELETE,,JSON_API_V1,nyf_sales_raw/ny_orders_2022042120220427.csv.gz,projects/_/buckets/data-cube-migration/notificationConfigs/12,2022-04-28T13:30:49.324123Z,data-cube-migration,
storage#object,data-cube-migration/archive/pickle_barrel_sales_raw/pb_check_detail_2022042120220427.csv.gz/1651152659565154,https://www.googleapis.com/storage/v1/b/data-cube-migration/o/archive%2Fpickle_barrel_sales_raw%2Fpb_check_detail_2022042120220427.csv.gz,archive/pickle_barrel_sales_raw/pb_check_detail_2022042120220427.csv.gz,data-cube-migration,1651152659565154,1,text/csv,2022-04-28T13:30:59.655Z,2022-04-28T13:30:59.655Z,STANDARD,2022-04-28T13:30:59.655Z,2076264,gc9nDhsVS/DiJaIWfDd1jA==,https://www.googleapis.com/download/storage/v1/b/data-cube-migration/o/archive%2Fpickle_barrel_sales_raw%2Fpb_check_detail_2022042120220427.csv.gz?generation=1651152659565154&alt=media,KeXsFg==,COKU+f3utvcCEAE=,1651152659565154,OBJECT_FINALIZE,,JSON_API_V1,archive/pickle_barrel_sales_raw/pb_check_detail_2022042120220427.csv.gz,projects/_/buckets/data-cube-migration/notificationConfigs/12,2022-04-28T13:30:59.655379Z,data-cube-migration,
storage#object,data-cube-migration/pickle_barrel_sales_raw/pb_check_header_2022042120220427.csv.gz/1651141879552895,https://www.googleapis.com/storage/v1/b/data-cube-migration/o/pickle_barrel_sales_raw%2Fpb_check_header_2022042120220427.csv.gz,pickle_barrel_sales_raw/pb_check_header_2022042120220427.csv.gz,data-cube-migration,1651141879552895,1,text/csv,2022-04-28T10:31:19.638Z,2022-04-28T10:31:19.638Z,STANDARD,2022-04-28T10:31:19.638Z,300190,W0cLcY+V2NTNnBLfEOJ+Lg==,https://www.googleapis.com/download/storage/v1/b/data-cube-migration/o/pickle_barrel_sales_raw%2Fpb_check_header_2022042120220427.csv.gz?generation=1651141879552895&alt=media,/J7NeQ==,CP+20enGtvcCEAE=,1651141879552895,OBJECT_DELETE,,JSON_API_V1,pickle_barrel_sales_raw/pb_check_header_2022042120220427.csv.gz,projects/_/buckets/data-cube-migration/notificationConfigs/12,2022-04-28T13:31:29.126902Z,data-cube-migration,
storage#object,data-cube-migration/archive/pickle_barrel_sales_raw/pb_check_header_2022042120220427.csv.gz/1651152688825793,https://www.googleapis.com/storage/v1/b/data-cube-migration/o/archive%2Fpickle_barrel_sales_raw%2Fpb_check_header_2022042120220427.csv.gz,archive/pickle_barrel_sales_raw/pb_check_header_2022042120220427.csv.gz,data-cube-migration,1651152688825793,1,text/csv,2022-04-28T13:31:28.922Z,2022-04-28T13:31:28.922Z,STANDARD,2022-04-28T13:31:28.922Z,300190,W0cLcY+V2NTNnBLfEOJ+Lg==,https://www.googleapis.com/download/storage/v1/b/data-cube-migration/o/archive%2Fpickle_barrel_sales_raw%2Fpb_check_header_2022042120220427.csv.gz?generation=1651152688825793&alt=media,/J7NeQ==,CMGL84vvtvcCEAE=,1651152688825793,OBJECT_FINALIZE,,JSON_API_V1,archive/pickle_barrel_sales_raw/pb_check_header_2022042120220427.csv.gz,projects/_/buckets/data-cube-migration/notificationConfigs/12,2022-04-28T13:31:28.922793Z,data-cube-migration,
storage#object,data-cube-migration/archive/nyf_sales_raw/ny_orderdetails_2022042120220427.csv.gz/1651152705129347,https://www.googleapis.com/storage/v1/b/data-cube-migration/o/archive%2Fnyf_sales_raw%2Fny_orderdetails_2022042120220427.csv.gz,archive/nyf_sales_raw/ny_orderdetails_2022042120220427.csv.gz,data-cube-migration,1651152705129347,1,text/csv,2022-04-28T13:31:45.222Z,2022-04-28T13:31:45.222Z,STANDARD,2022-04-28T13:31:45.222Z,9514140,uCBQv+LEVj9Z49CRERgV1g==,https://www.googleapis.com/download/storage/v1/b/data-cube-migration/o/archive%2Fnyf_sales_raw%2Fny_orderdetails_2022042120220427.csv.gz?generation=1651152705129347&alt=media,xdsAnA==,CIOX1pPvtvcCEAE=,1651152705129347,OBJECT_FINALIZE,,JSON_API_V1,archive/nyf_sales_raw/ny_orderdetails_2022042120220427.csv.gz,projects/_/buckets/data-cube-migration/notificationConfigs/12,2022-04-28T13:31:45.222184Z,data-cube-migration,
storage#object,data-cube-migration/nyf_sales_raw/ny_orderdetails_2022042120220427.csv.gz/1651141878805172,https://www.googleapis.com/storage/v1/b/data-cube-migration/o/nyf_sales_raw%2Fny_orderdetails_2022042120220427.csv.gz,nyf_sales_raw/ny_orderdetails_2022042120220427.csv.gz,data-cube-migration,1651141878805172,1,text/csv,2022-04-28T10:31:18.889Z,2022-04-28T10:31:18.889Z,STANDARD,2022-04-28T10:31:18.889Z,9514140,uCBQv+LEVj9Z49CRERgV1g==,https://www.googleapis.com/download/storage/v1/b/data-cube-migration/o/nyf_sales_raw%2Fny_orderdetails_2022042120220427.csv.gz?generation=1651141878805172&alt=media,xdsAnA==,CLTlo+nGtvcCEAE=,1651141878805172,OBJECT_DELETE,,JSON_API_V1,nyf_sales_raw/ny_orderdetails_2022042120220427.csv.gz,projects/_/buckets/data-cube-migration/notificationConfigs/12,2022-04-28T13:31:45.420971Z,data-cube-migration,
storage#object,data-cube-migration/archive/nyf_sales_raw/ny_payments_types.csv.gz/1651066318648594,https://www.googleapis.com/storage/v1/b/data-cube-migration/o/archive%2Fnyf_sales_raw%2Fny_payments_types.csv.gz,archive/nyf_sales_raw/ny_payments_types.csv.gz,data-cube-migration,1651066318648594,1,text/csv,2022-04-27T13:31:58.753Z,2022-04-27T13:31:58.753Z,STANDARD,2022-04-27T13:31:58.753Z,313,0LPDd3ZzPYGbkMl6bf3hBw==,https://www.googleapis.com/download/storage/v1/b/data-cube-migration/o/archive%2Fnyf_sales_raw%2Fny_payments_types.csv.gz?generation=1651066318648594&alt=media,RdI3ig==,CJLqsauttPcCEAE=,1651066318648594,OBJECT_DELETE,1651152709905638,JSON_API_V1,archive/nyf_sales_raw/ny_payments_types.csv.gz,projects/_/buckets/data-cube-migration/notificationConfigs/12,2022-04-28T13:31:50.004421Z,data-cube-migration,
storage#object,data-cube-migration/archive/nyf_sales_raw/ny_payments_types.csv.gz/1651152709905638,https://www.googleapis.com/storage/v1/b/data-cube-migration/o/archive%2Fnyf_sales_raw%2Fny_payments_types.csv.gz,archive/nyf_sales_raw/ny_payments_types.csv.gz,data-cube-migration,1651152709905638,1,text/csv,2022-04-28T13:31:50.004Z,2022-04-28T13:31:50.004Z,STANDARD,2022-04-28T13:31:50.004Z,313,YOeXU/Pv9gx+BNoW6+QRhw==,https://www.googleapis.com/download/storage/v1/b/data-cube-migration/o/archive%2Fnyf_sales_raw%2Fny_payments_types.csv.gz?generation=1651152709905638&alt=media,TV7plQ==,CObZ+ZXvtvcCEAE=,1651152709905638,OBJECT_FINALIZE,,JSON_API_V1,archive/nyf_sales_raw/ny_payments_types.csv.gz,projects/_/buckets/data-cube-migration/notificationConfigs/12,2022-04-28T13:31:50.004421Z,data-cube-migration,1651066318648594
storage#object,data-cube-migration/nyf_sales_raw/ny_payments_types.csv.gz/1651141890418060,https://www.googleapis.com/storage/v1/b/data-cube-migration/o/nyf_sales_raw%2Fny_payments_types.csv.gz,nyf_sales_raw/ny_payments_types.csv.gz,data-cube-migration,1651141890418060,1,text/csv,2022-04-28T10:31:30.501Z,2022-04-28T10:31:30.501Z,STANDARD,2022-04-28T10:31:30.501Z,313,YOeXU/Pv9gx+BNoW6+QRhw==,https://www.googleapis.com/download/storage/v1/b/data-cube-migration/o/nyf_sales_raw%2Fny_payments_types.csv.gz?generation=1651141890418060&alt=media,TV7plQ==,CIzL6O7GtvcCEAE=,1651141890418060,OBJECT_DELETE,,JSON_API_V1,nyf_sales_raw/ny_payments_types.csv.gz,projects/_/buckets/data-cube-migration/notificationConfigs/12,2022-04-28T13:31:50.227454Z,data-cube-migration,
storage#object,data-cube-migration/archive/pickle_barrel_sales_raw/pb_menu_item_sales_2022042120220427.csv.gz/1651152718125922,https://www.googleapis.com/storage/v1/b/data-cube-migration/o/archive%2Fpickle_barrel_sales_raw%2Fpb_menu_item_sales_2022042120220427.csv.gz,archive/pickle_barrel_sales_raw/pb_menu_item_sales_2022042120220427.csv.gz,data-cube-migration,1651152718125922,1,text/csv,2022-04-28T13:31:58.217Z,2022-04-28T13:31:58.217Z,STANDARD,2022-04-28T13:31:58.217Z,507310,mLJzuPtfqWQgDmTMqe76rQ==,https://www.googleapis.com/download/storage/v1/b/data-cube-migration/o/archive%2Fpickle_barrel_sales_raw%2Fpb_menu_item_sales_2022042120220427.csv.gz?generation=1651152718125922&alt=media,L6DSZA==,COK275nvtvcCEAE=,1651152718125922,OBJECT_FINALIZE,,JSON_API_V1,archive/pickle_barrel_sales_raw/pb_menu_item_sales_2022042120220427.csv.gz,projects/_/buckets/data-cube-migration/notificationConfigs/12,2022-04-28T13:31:58.217282Z,data-cube-migration,
storage#object,data-cube-migration/pickle_barrel_sales_raw/pb_menu_item_sales_2022042120220427.csv.gz/1651141891551735,https://www.googleapis.com/storage/v1/b/data-cube-migration/o/pickle_barrel_sales_raw%2Fpb_menu_item_sales_2022042120220427.csv.gz,pickle_barrel_sales_raw/pb_menu_item_sales_2022042120220427.csv.gz,data-cube-migration,1651141891551735,1,text/csv,2022-04-28T10:31:31.639Z,2022-04-28T10:31:31.639Z,STANDARD,2022-04-28T10:31:31.639Z,507310,mLJzuPtfqWQgDmTMqe76rQ==,https://www.googleapis.com/download/storage/v1/b/data-cube-migration/o/pickle_barrel_sales_raw%2Fpb_menu_item_sales_2022042120220427.csv.gz?generation=1651141891551735&alt=media,L6DSZA==,CPfjre/GtvcCEAE=,1651141891551735,OBJECT_DELETE,,JSON_API_V1,pickle_barrel_sales_raw/pb_menu_item_sales_2022042120220427.csv.gz,projects/_/buckets/data-cube-migration/notificationConfigs/12,2022-04-28T13:31:58.428670Z,data-cube-migration,
